Summary,Issue Type,Priority,Component,Labels,Finding Count,Worst Priority,Current Version(s),Recommended Fix Version(s),CVE/ID List,Description
[Security] Upgrade spring-web — 11 known vulnerabilities (Critical),Bug,Highest,spring-web,"security,dependency-upgrade,spring-web",11,P1 - Critical,5.3.23,"5.3.32, 5.3.33, 5.3.34, 5.3.38, 6.0.0, 6.1.14, 6.2.17, 6.2.18, 7.0.9","CVE-2016-1000027, CVE-2024-22243, CVE-2026-22740, CVE-2026-59281, CVE-2024-22243, CVE-2024-22259, CVE-2024-22243, CVE-2024-22259, CVE-2024-22262, CVE-2026-59314, CVE-2026-41845, CVE-2024-38809, CVE-2026-22735, CVE-2022-22968, CVE-2024-38820","h2. Summary
Component *spring-web* has *11* known vulnerabilities identified by Dependency-Check / Snyk scans.
Current version(s) in use: 5.3.23
Recommended target version(s): 5.3.32, 5.3.33, 5.3.34, 5.3.38, 6.0.0, 6.1.14, 6.2.17, 6.2.18, 7.0.9

h2. Findings
||Priority||CVE / ID||Title||CVSS||Exploit Maturity||Fix||
|P1 - Critical|CVE-2016-1000027|CWE-502 Deserialization of Untrusted Data|9.8 CRITICAL|Proof-of-Concept (CVSS temporal)|See NVD/vendor advisory for patched version|
|P2 - High|CVE-2024-22243|Open Redirect|7.8 HIGH|proof of concept|Upgrade org.springframework:spring-web to version 5.3.32, 6.0.17, 6.1.4 or higher.|
|P2 - High|CVE-2026-22740|Incomplete Cleanup|7.8 HIGH|not defined|Upgrade org.springframework:spring-web to version 6.2.18, 7.0.7 or higher.|
|P2 - High|CVE-2026-59281|Cross-site Scripting (XSS)|7.8 HIGH|not defined|Upgrade org.springframework:spring-web to version 7.0.9 or higher.|
|P2 - High|CVE-2024-22243, CVE-2024-22259|Open Redirect|7.8 HIGH|not defined|Upgrade org.springframework:spring-web to version 5.3.33, 6.0.18, 6.1.5 or higher.|
|P2 - High|CVE-2024-22243, CVE-2024-22259, CVE-2024-22262|Open Redirect|5.5 MEDIUM|proof of concept|Upgrade org.springframework:spring-web to version 5.3.34, 6.0.19, 6.1.6 or higher.|
|P2 - High|CVE-2026-59314|HTTP Response Splitting|5.5 MEDIUM|not defined|Upgrade org.springframework:spring-web to version 7.0.9 or higher.|
|P2 - High|CVE-2026-41845|Cross-site Scripting (XSS)|5.5 MEDIUM|not defined|Upgrade org.springframework:spring-web to version 6.0.0, 6.2.19, 7.0.8 or higher.|
|P2 - High|CVE-2024-38809|Denial of Service (DoS)|5.5 MEDIUM|not defined|Upgrade org.springframework:spring-web to version 5.3.38, 6.0.23, 6.1.12 or higher.|
|P3 - Medium|CVE-2026-22735|Improper Neutralization of Special Elements in Output Used by a Downstream Component ('Injection')|2.5 LOW|not defined|Upgrade org.springframework:spring-web to version 6.2.17, 7.0.6 or higher.|
|P3 - Medium|CVE-2022-22968, CVE-2024-38820|Improper Handling of Case Sensitivity|2.5 LOW|not defined|Upgrade org.springframework:spring-web to version 6.1.14 or higher.|

h2. Notes
* Reachability, business criticality and remediation-effort assessment for each finding are in the attached master CSV (vulnbank_vulnerability_triage.csv).
* Filed from security triage backlog — close this ticket once the component is upgraded to the recommended version and a re-scan shows no regressions."
[Security] Upgrade spring-security-web — 7 known vulnerabilities (Critical),Bug,Highest,spring-security-web,"security,dependency-upgrade,spring-security-web",7,P1 - Critical,5.7.4,"5.6.9, 5.7.13, 5.7.14, 5.7.8, 6.5.11, 6.5.9","CVE-2022-31692, CVE-2024-38821, CVE-2026-22732, CVE-2026-22747, CVE-2026-47838, CVE-2023-20862, CVE-2024-38827, CVE-2026-41706","h2. Summary
Component *spring-security-web* has *7* known vulnerabilities identified by Dependency-Check / Snyk scans.
Current version(s) in use: 5.7.4
Recommended target version(s): 5.6.9, 5.7.13, 5.7.14, 5.7.8, 6.5.11, 6.5.9

h2. Findings
||Priority||CVE / ID||Title||CVSS||Exploit Maturity||Fix||
|P1 - Critical|CVE-2022-31692|Authorization Bypass|9.8 CRITICAL|proof of concept|Upgrade org.springframework.security:spring-security-web to version 5.6.9, 5.7.5 or higher.|
|P1 - Critical|CVE-2024-38821|Missing Authorization|9.3 CRITICAL|proof of concept|Upgrade org.springframework.security:spring-security-web to version 5.7.13, 5.8.15, 6.2.7, 6.3.4 or higher.|
|P2 - High|CVE-2026-22732|Use of Cache Containing Sensitive Information|9.3 CRITICAL|not defined|Upgrade org.springframework.security:spring-security-web to version 6.5.9, 7.0.4 or higher.|
|P2 - High|CVE-2026-22747, CVE-2026-47838|User Impersonation|7.8 HIGH|not defined|Upgrade org.springframework.security:spring-security-web to version 6.5.11 or higher.|
|P2 - High|CVE-2023-20862|Session Fixation|6.3 MEDIUM|not defined|Upgrade org.springframework.security:spring-security-web to version 5.7.8, 5.8.3, 6.0.3 or higher.|
|P2 - High|CVE-2024-38827|Authorization Bypass|5.5 MEDIUM|not defined|Upgrade org.springframework.security:spring-security-web to version 5.7.14, 5.8.16, 6.2.8, 6.3.5 or higher.|
|P2 - High|CVE-2026-41706|Open Redirect|5.5 MEDIUM|not defined|Upgrade org.springframework.security:spring-security-web to version 6.5.11, 7.0.6 or higher.|

h2. Notes
* Reachability, business criticality and remediation-effort assessment for each finding are in the attached master CSV (vulnbank_vulnerability_triage.csv).
* Filed from security triage backlog — close this ticket once the component is upgraded to the recommended version and a re-scan shows no regressions."
[Security] Upgrade snakeyaml — 11 known vulnerabilities (Critical),Bug,Highest,snakeyaml,"security,dependency-upgrade,snakeyaml",11,P1 - Critical,1.30,"1.31, 1.32, 2.0","CVE-2022-1471, CVE-2022-38751, CVE-2022-38752, CVE-2022-41854, CVE-2022-25857, CVE-2022-38749, CVE-2022-38750, SNYK-JAVA-ORGYAML-3016891, SNYK-JAVA-ORGYAML-3016888, SNYK-JAVA-ORGYAML-3016889, SNYK-JAVA-ORGYAML-3113851","h2. Summary
Component *snakeyaml* has *11* known vulnerabilities identified by Dependency-Check / Snyk scans.
Current version(s) in use: 1.30
Recommended target version(s): 1.31, 1.32, 2.0

h2. Findings
||Priority||CVE / ID||Title||CVSS||Exploit Maturity||Fix||
|P1 - Critical|CVE-2022-1471|Arbitrary Code Execution|9.8 CRITICAL|proof of concept|Upgrade org.yaml:snakeyaml to version 2.0 or higher.|
|P2 - High|CVE-2022-38751|CWE-787 Out-of-bounds Write, CWE-121 Stack-based Buffer Overflow|6.5 MEDIUM|Proof-of-Concept (CVSS temporal)|See NVD/vendor advisory for patched version|
|P2 - High|CVE-2022-38752|CWE-787 Out-of-bounds Write, CWE-121 Stack-based Buffer Overflow|6.5 MEDIUM|Proof-of-Concept (CVSS temporal)|See NVD/vendor advisory for patched version|
|P2 - High|CVE-2022-41854|CWE-787 Out-of-bounds Write, CWE-121 Stack-based Buffer Overflow|6.5 MEDIUM|Proof-of-Concept (CVSS temporal)|See NVD/vendor advisory for patched version|
|P2 - High|CVE-2022-25857|Denial of Service (DoS)|7.5 HIGH|not defined|Upgrade org.yaml:snakeyaml to version 1.31 or higher.|
|P2 - High|CVE-2022-38749|Denial of Service (DoS)|6.5 MEDIUM|not defined|Upgrade org.yaml:snakeyaml to version 1.31 or higher.|
|P2 - High|CVE-2022-38750|CWE-787 Out-of-bounds Write, CWE-121 Stack-based Buffer Overflow|5.5 MEDIUM|Proof-of-Concept (CVSS temporal)|See NVD/vendor advisory for patched version|
|P2 - High|SNYK-JAVA-ORGYAML-3016891|Stack-based Buffer Overflow|5.5 MEDIUM|proof of concept|Upgrade org.yaml:snakeyaml to version 1.31 or higher.|
|P3 - Medium|SNYK-JAVA-ORGYAML-3016888|Stack-based Buffer Overflow|2.5 LOW|proof of concept|Upgrade org.yaml:snakeyaml to version 1.32 or higher.|
|P3 - Medium|SNYK-JAVA-ORGYAML-3016889|Stack-based Buffer Overflow|2.5 LOW|not defined|Upgrade org.yaml:snakeyaml to version 1.31 or higher.|
|P3 - Medium|SNYK-JAVA-ORGYAML-3113851|Stack-based Buffer Overflow|2.5 LOW|not defined|Upgrade org.yaml:snakeyaml to version 1.32 or higher.|

h2. Notes
* Reachability, business criticality and remediation-effort assessment for each finding are in the attached master CSV (vulnbank_vulnerability_triage.csv).
* Filed from security triage backlog — close this ticket once the component is upgraded to the recommended version and a re-scan shows no regressions."
[Security] Upgrade spring-security-core — 5 known vulnerabilities (Critical),Bug,Highest,spring-security-core,"security,dependency-upgrade,spring-security-core",5,P1 - Critical,5.7.4,"5.7.12, 5.7.14, 6.5.10, 7.0.7","CVE-2022-31690, CVE-2026-59276, CVE-2024-22257, CVE-2026-22746, CVE-2024-38827","h2. Summary
Component *spring-security-core* has *5* known vulnerabilities identified by Dependency-Check / Snyk scans.
Current version(s) in use: 5.7.4
Recommended target version(s): 5.7.12, 5.7.14, 6.5.10, 7.0.7

h2. Findings
||Priority||CVE / ID||Title||CVSS||Exploit Maturity||Fix||
|P1 - Critical|CVE-2022-31690|See NVD description|8.1 HIGH|Proof-of-Concept (CVSS temporal)|See NVD/vendor advisory for patched version|
|P2 - High|CVE-2026-59276|Timing Attack|7.8 HIGH|not defined|Upgrade org.springframework.security:spring-security-core to version 7.0.7, 7.1.1 or higher.|
|P2 - High|CVE-2024-22257|Improper Access Control|7.8 HIGH|not defined|Upgrade org.springframework.security:spring-security-core to version 5.7.12, 5.8.11, 6.0.10, 6.1.8, 6.2.3 or higher.|
|P2 - High|CVE-2026-22746|Information Exposure|5.5 MEDIUM|not defined|Upgrade org.springframework.security:spring-security-core to version 6.5.10, 7.0.5 or higher.|
|P2 - High|CVE-2024-38827|Authorization Bypass|5.5 MEDIUM|not defined|Upgrade org.springframework.security:spring-security-core to version 5.7.14, 5.8.16, 6.2.8, 6.3.5 or higher.|

h2. Notes
* Reachability, business criticality and remediation-effort assessment for each finding are in the attached master CSV (vulnbank_vulnerability_triage.csv).
* Filed from security triage backlog — close this ticket once the component is upgraded to the recommended version and a re-scan shows no regressions."
[Security] Upgrade thymeleaf-spring5 — 3 known vulnerabilities (Critical),Bug,Highest,thymeleaf-spring5,"security,dependency-upgrade,thymeleaf-spring5",3,P1 - Critical,3.0.15.RELEASE,"3.1.4.RELEASE, 3.1.5.RELEASE","CVE-2026-40478, SNYK-JAVA-ORGTHYMELEAF-16078371, SNYK-JAVA-ORGTHYMELEAF-16419368","h2. Summary
Component *thymeleaf-spring5* has *3* known vulnerabilities identified by Dependency-Check / Snyk scans.
Current version(s) in use: 3.0.15.RELEASE
Recommended target version(s): 3.1.4.RELEASE, 3.1.5.RELEASE

h2. Findings
||Priority||CVE / ID||Title||CVSS||Exploit Maturity||Fix||
|P1 - Critical|CVE-2026-40478|Template Injection|9.3 CRITICAL|proof of concept|Upgrade org.thymeleaf:thymeleaf-spring5 to version 3.1.4.RELEASE or higher.|
|P2 - High|SNYK-JAVA-ORGTHYMELEAF-16078371|Template Injection|9.3 CRITICAL|not defined|Upgrade org.thymeleaf:thymeleaf-spring5 to version 3.1.4.RELEASE or higher.|
|P2 - High|SNYK-JAVA-ORGTHYMELEAF-16419368|Expression Language Injection|9.3 CRITICAL|not defined|Upgrade org.thymeleaf:thymeleaf-spring5 to version 3.1.5.RELEASE or higher.|

h2. Notes
* Reachability, business criticality and remediation-effort assessment for each finding are in the attached master CSV (vulnbank_vulnerability_triage.csv).
* Filed from security triage backlog — close this ticket once the component is upgraded to the recommended version and a re-scan shows no regressions."
[Security] Upgrade spring-security-config — 4 known vulnerabilities (Critical),Bug,Highest,spring-security-config,"security,dependency-upgrade,spring-security-config",4,P1 - Critical,5.7.4,"5.6.12, 5.7.14, 5.7.8, 6.5.11","CVE-2023-34034, CVE-2026-22747, CVE-2026-47838, CVE-2023-20862, CVE-2024-38827","h2. Summary
Component *spring-security-config* has *4* known vulnerabilities identified by Dependency-Check / Snyk scans.
Current version(s) in use: 5.7.4
Recommended target version(s): 5.6.12, 5.7.14, 5.7.8, 6.5.11

h2. Findings
||Priority||CVE / ID||Title||CVSS||Exploit Maturity||Fix||
|P1 - Critical|CVE-2023-34034|Access Control Bypass|9.3 CRITICAL|proof of concept|Upgrade org.springframework.security:spring-security-config to version 5.6.12, 5.7.10, 5.8.5, 6.0.5, 6.1.2 or higher.|
|P2 - High|CVE-2026-22747, CVE-2026-47838|User Impersonation|7.8 HIGH|not defined|Upgrade org.springframework.security:spring-security-config to version 6.5.11 or higher.|
|P2 - High|CVE-2023-20862|Session Fixation|6.3 MEDIUM|not defined|Upgrade org.springframework.security:spring-security-config to version 5.7.8, 5.8.3, 6.0.3 or higher.|
|P2 - High|CVE-2024-38827|Authorization Bypass|5.5 MEDIUM|not defined|Upgrade org.springframework.security:spring-security-config to version 5.7.14, 5.8.16, 6.2.8, 6.3.5 or higher.|

h2. Notes
* Reachability, business criticality and remediation-effort assessment for each finding are in the attached master CSV (vulnbank_vulnerability_triage.csv).
* Filed from security triage backlog — close this ticket once the component is upgraded to the recommended version and a re-scan shows no regressions."
[Security] Upgrade jackson-databind — 9 known vulnerabilities (Critical),Bug,Highest,jackson-databind,"security,dependency-upgrade,jackson-databind",9,P1 - Critical,2.13.4.2,"2.14.0-rc1, 2.18.10, 2.18.8, 2.18.9","SNYK-JAVA-COMFASTERXMLJACKSONCORE-17440598, SNYK-JAVA-COMFASTERXMLJACKSONCORE-17440366, SNYK-JAVA-COMFASTERXMLJACKSONCORE-19496766, SNYK-JAVA-COMFASTERXMLJACKSONCORE-17457695, SNYK-JAVA-COMFASTERXMLJACKSONCORE-17434790, SNYK-JAVA-COMFASTERXMLJACKSONCORE-17440326, SNYK-JAVA-COMFASTERXMLJACKSONCORE-19256875, SNYK-JAVA-COMFASTERXMLJACKSONCORE-19477042, CVE-2023-35116","h2. Summary
Component *jackson-databind* has *9* known vulnerabilities identified by Dependency-Check / Snyk scans.
Current version(s) in use: 2.13.4.2
Recommended target version(s): 2.14.0-rc1, 2.18.10, 2.18.8, 2.18.9

h2. Findings
||Priority||CVE / ID||Title||CVSS||Exploit Maturity||Fix||
|P1 - Critical|SNYK-JAVA-COMFASTERXMLJACKSONCORE-17440598|Deserialization of Untrusted Data|9.3 CRITICAL|proof of concept|Upgrade com.fasterxml.jackson.core:jackson-databind to version 2.18.8, 2.21.4 or higher.|
|P2 - High|SNYK-JAVA-COMFASTERXMLJACKSONCORE-17440366|Incomplete List of Disallowed Inputs|9.3 CRITICAL|not defined|Upgrade com.fasterxml.jackson.core:jackson-databind to version 2.18.8, 2.21.4 or higher.|
|P2 - High|SNYK-JAVA-COMFASTERXMLJACKSONCORE-19496766|Deserialization of Untrusted Data|5.5 MEDIUM|proof of concept|Upgrade com.fasterxml.jackson.core:jackson-databind to version 2.18.10, 2.21.6, 2.22.2 or higher.|
|P2 - High|SNYK-JAVA-COMFASTERXMLJACKSONCORE-17457695|Improperly Controlled Modification of Dynamically-Determined Object Attributes|5.5 MEDIUM|proof of concept|Upgrade com.fasterxml.jackson.core:jackson-databind to version 2.18.9, 2.21.5, 2.22.1 or higher.|
|P2 - High|SNYK-JAVA-COMFASTERXMLJACKSONCORE-17434790|Server-side Request Forgery (SSRF)|5.5 MEDIUM|not defined|Upgrade com.fasterxml.jackson.core:jackson-databind to version 2.18.8, 2.21.4 or higher.|
|P2 - High|SNYK-JAVA-COMFASTERXMLJACKSONCORE-17440326|Allocation of Resources Without Limits or Throttling|5.5 MEDIUM|not defined|Upgrade com.fasterxml.jackson.core:jackson-databind to version 2.14.0-rc1 or higher.|
|P2 - High|SNYK-JAVA-COMFASTERXMLJACKSONCORE-19256875|Server-side Request Forgery (SSRF)|5.5 MEDIUM|not defined|Upgrade com.fasterxml.jackson.core:jackson-databind to version 2.18.9, 2.21.5, 2.22.1 or higher.|
|P2 - High|SNYK-JAVA-COMFASTERXMLJACKSONCORE-19477042|Use of Externally-Controlled Input to Select Classes or Code ('Unsafe Reflection')|5.5 MEDIUM|not defined|Upgrade com.fasterxml.jackson.core:jackson-databind to version 2.18.10, 2.21.6, 2.22.2 or higher.|
|P2 - High|CVE-2023-35116|CWE-770 Allocation of Resources Without Limits or Throttling|4.7 MEDIUM|Proof-of-Concept (CVSS temporal)|See NVD/vendor advisory for patched version|

h2. Notes
* Reachability, business criticality and remediation-effort assessment for each finding are in the attached master CSV (vulnbank_vulnerability_triage.csv).
* Filed from security triage backlog — close this ticket once the component is upgraded to the recommended version and a re-scan shows no regressions."
[Security] Upgrade spring-boot — 4 known vulnerabilities (Critical),Bug,Highest,spring-boot,"security,dependency-upgrade,spring-boot",4,P1 - Critical,2.7.5,3.5.14,"CVE-2023-20883, CVE-2026-40975, CVE-2026-40973, CVE-2026-40977","h2. Summary
Component *spring-boot* has *4* known vulnerabilities identified by Dependency-Check / Snyk scans.
Current version(s) in use: 2.7.5
Recommended target version(s): 3.5.14

h2. Findings
||Priority||CVE / ID||Title||CVSS||Exploit Maturity||Fix||
|P1 - Critical|CVE-2023-20883|CWE-400 Uncontrolled Resource Consumption|7.5 HIGH|Proof-of-Concept (CVSS temporal)|See NVD/vendor advisory for patched version|
|P2 - High|CVE-2026-40975|Use of Cryptographically Weak Pseudo-Random Number Generator (PRNG)|7.8 HIGH|not defined|Upgrade org.springframework.boot:spring-boot to version 3.5.14, 4.0.6 or higher.|
|P2 - High|CVE-2026-40973|Insecure Temporary File|7.8 HIGH|not defined|Upgrade org.springframework.boot:spring-boot to version 3.5.14, 4.0.6 or higher.|
|P2 - High|CVE-2026-40977|Symlink Attack|5.5 MEDIUM|not defined|Upgrade org.springframework.boot:spring-boot to version 3.5.14, 4.0.6 or higher.|

h2. Notes
* Reachability, business criticality and remediation-effort assessment for each finding are in the attached master CSV (vulnbank_vulnerability_triage.csv).
* Filed from security triage backlog — close this ticket once the component is upgraded to the recommended version and a re-scan shows no regressions."
[Security] Upgrade tomcat-embed-core — 46 known vulnerabilities (Critical),Bug,Highest,tomcat-embed-core,"security,dependency-upgrade,tomcat-embed-core",46,P1 - Critical,9.0.68,"8.5.84, 8.5.85, 8.5.86, 8.5.93, 8.5.94, 8.5.96, 8.5.99, 9.0.101, 9.0.105, 9.0.106, 9.0.107, 9.0.108, 9.0.109, 9.0.110, 9.0.113, 9.0.116, 9.0.117, 9.0.118, 9.0.119, 9.0.90, 9.0.96, 9.0.98, 9.0.99","CVE-2022-45143, CVE-2024-52316, CVE-2024-50379, CVE-2024-56337, CVE-2024-50379, CVE-2024-24549, SNYK-JAVA-ORGAPACHETOMCATEMBED-16691231, SNYK-JAVA-ORGAPACHETOMCATEMBED-17733813, CVE-2025-55752, SNYK-JAVA-ORGAPACHETOMCATEMBED-15307781, CVE-2023-28708, SNYK-JAVA-ORGAPACHETOMCATEMBED-15989808, SNYK-JAVA-ORGAPACHETOMCATEMBED-15989820, SNYK-JAVA-ORGAPACHETOMCATEMBED-17732890, SNYK-JAVA-ORGAPACHETOMCATEMBED-3225086, CVE-2023-44487, SNYK-JAVA-ORGAPACHETOMCATEMBED-6092281, CVE-2023-24998, CVE-2023-41080, CVE-2023-45648, SNYK-JAVA-ORGAPACHETOMCATEMBED-10365122, SNYK-JAVA-ORGAPACHETOMCATEMBED-10674391, SNYK-JAVA-ORGAPACHETOMCATEMBED-10676854, SNYK-JAVA-ORGAPACHETOMCATEMBED-10676855, SNYK-JAVA-ORGAPACHETOMCATEMBED-11799152, SNYK-JAVA-ORGAPACHETOMCATEMBED-13746602, SNYK-JAVA-ORGAPACHETOMCATEMBED-15990633, SNYK-JAVA-ORGAPACHETOMCATEMBED-16643259, SNYK-JAVA-ORGAPACHETOMCATEMBED-7430175, SNYK-JAVA-ORGAPACHETOMCATEMBED-8073090, CVE-2025-24813, SNYK-JAVA-ORGAPACHETOMCATEMBED-10365310, SNYK-JAVA-ORGAPACHETOMCATEMBED-3369687, SNYK-JAVA-ORGAPACHETOMCATEMBED-5959972, SNYK-JAVA-ORGAPACHETOMCATEMBED-10264469, SNYK-JAVA-ORGAPACHETOMCATEMBED-11798986, SNYK-JAVA-ORGAPACHETOMCATEMBED-13723930, SNYK-JAVA-ORGAPACHETOMCATEMBED-15989812, SNYK-JAVA-ORGAPACHETOMCATEMBED-16690888, SNYK-JAVA-ORGAPACHETOMCATEMBED-16691220, SNYK-JAVA-ORGAPACHETOMCATEMBED-16691224, SNYK-JAVA-ORGAPACHETOMCATEMBED-17733895, SNYK-JAVA-ORGAPACHETOMCATEMBED-17734715, SNYK-JAVA-ORGAPACHETOMCATEMBED-17734718, SNYK-JAVA-ORGAPACHETOMCATEMBED-15990787, SNYK-JAVA-ORGAPACHETOMCATEMBED-16643276, SNYK-JAVA-ORGAPACHETOMCATEMBED-15307825","h2. Summary
Component *tomcat-embed-core* has *46* known vulnerabilities identified by Dependency-Check / Snyk scans.
Current version(s) in use: 9.0.68
Recommended target version(s): 8.5.84, 8.5.85, 8.5.86, 8.5.93, 8.5.94, 8.5.96, 8.5.99, 9.0.101, 9.0.105, 9.0.106, 9.0.107, 9.0.108, 9.0.109, 9.0.110, 9.0.113, 9.0.116, 9.0.117, 9.0.118, 9.0.119, 9.0.90, 9.0.96, 9.0.98, 9.0.99

h2. Findings
||Priority||CVE / ID||Title||CVSS||Exploit Maturity||Fix||
|P1 - Critical|CVE-2022-45143|CWE-116 Improper Encoding or Escaping of Output|7.5 HIGH|Proof-of-Concept (CVSS temporal)|See NVD/vendor advisory for patched version|
|P2 - High|CVE-2024-52316|Uncaught Exception|9.3 CRITICAL|proof of concept|Upgrade org.apache.tomcat.embed:tomcat-embed-core to version 9.0.96, 10.1.31, 11.0.0 or higher.|
|P2 - High|CVE-2024-50379, CVE-2024-56337|Time-of-check Time-of-use (TOCTOU) Race Condition|9.3 CRITICAL|proof of concept|Upgrade org.apache.tomcat.embed:tomcat-embed-core to version 9.0.98, 10.1.34, 11.0.2 or higher.|
|P2 - High|CVE-2024-50379|Time-of-check Time-of-use (TOCTOU) Race Condition|9.3 CRITICAL|proof of concept|Upgrade org.apache.tomcat.embed:tomcat-embed-core to version 9.0.98, 10.1.34, 11.0.2 or higher.|
|P2 - High|CVE-2024-24549|Denial of Service (DoS)|7.8 HIGH|proof of concept|Upgrade org.apache.tomcat.embed:tomcat-embed-core to version 8.5.99, 9.0.86, 10.1.19, 1.0.0-M17 or higher.|
|P2 - High|SNYK-JAVA-ORGAPACHETOMCATEMBED-16691231|Improper Authentication|9.3 CRITICAL|not defined|Upgrade org.apache.tomcat.embed:tomcat-embed-core to version 9.0.118, 10.1.55, 11.0.22 or higher.|
|P2 - High|SNYK-JAVA-ORGAPACHETOMCATEMBED-17733813|Missing Critical Step in Authentication|9.3 CRITICAL|not defined|Upgrade org.apache.tomcat.embed:tomcat-embed-core to version 9.0.101, 10.1.37, 11.0.5 or higher.|
|P2 - High|CVE-2025-55752|Relative Path Traversal|7.8 HIGH|proof of concept|Upgrade org.apache.tomcat.embed:tomcat-embed-core to version 9.0.109, 10.1.45, 11.0.11 or higher.|
|P2 - High|SNYK-JAVA-ORGAPACHETOMCATEMBED-15307781|Improper Certificate Validation|9.3 CRITICAL|not defined|Upgrade org.apache.tomcat.embed:tomcat-embed-core to version 9.0.113, 10.1.50, 11.0.15 or higher.|
|P2 - High|CVE-2023-28708|CWE-523 Unprotected Transport of Credentials|4.3 MEDIUM|Proof-of-Concept (CVSS temporal)|See NVD/vendor advisory for patched version|
|P2 - High|SNYK-JAVA-ORGAPACHETOMCATEMBED-15989808|Improper Authentication|7.8 HIGH|not defined|Upgrade org.apache.tomcat.embed:tomcat-embed-core to version 9.0.116, 10.1.53, 11.0.20 or higher.|
|P2 - High|SNYK-JAVA-ORGAPACHETOMCATEMBED-15989820|Improper Authentication|7.8 HIGH|not defined|Upgrade org.apache.tomcat.embed:tomcat-embed-core to version 9.0.117, 10.1.54, 11.0.21 or higher.|
|P2 - High|SNYK-JAVA-ORGAPACHETOMCATEMBED-17732890|Improper Authentication|7.8 HIGH|not defined|Upgrade org.apache.tomcat.embed:tomcat-embed-core to version 9.0.119, 10.1.56, 11.0.23 or higher.|
|P2 - High|SNYK-JAVA-ORGAPACHETOMCATEMBED-3225086|Improper Input Validation|7.8 HIGH|not defined|Upgrade org.apache.tomcat.embed:tomcat-embed-core to version 8.5.84, 9.0.69, 10.1.2 or higher.|
|P2 - High|CVE-2023-44487|Denial of Service (DoS)|7.8 HIGH|attacked|Upgrade org.apache.tomcat.embed:tomcat-embed-core to version 8.5.94, 9.0.81, 10.1.14, 11.0.0-M12 or higher.|
|P2 - High|SNYK-JAVA-ORGAPACHETOMCATEMBED-6092281|Improper Input Validation|7.8 HIGH|not defined|Upgrade org.apache.tomcat.embed:tomcat-embed-core to version 8.5.96, 9.0.83, 10.1.16, 11.0.0-M10 or higher.|
|P2 - High|CVE-2023-24998|Denial of Service (DoS)|5.5 MEDIUM|proof of concept|Upgrade org.apache.tomcat.embed:tomcat-embed-core to version 8.5.85, 9.0.71, 10.1.5, 11.0.0-M3 or higher.|
|P2 - High|CVE-2023-41080|Access Restriction Bypass|5.5 MEDIUM|proof of concept|Upgrade org.apache.tomcat.embed:tomcat-embed-core to version 8.5.93, 9.0.80, 10.1.13, 11.0.0-M11 or higher.|
|P2 - High|CVE-2023-45648|Improper Input Validation|5.5 MEDIUM|proof of concept|Upgrade org.apache.tomcat.embed:tomcat-embed-core to version 8.5.94, 9.0.81, 10.1.14, 11.0.0-M12 or higher.|
|P2 - High|SNYK-JAVA-ORGAPACHETOMCATEMBED-10365122|Allocation of Resources Without Limits or Throttling|7.8 HIGH|not defined|Upgrade org.apache.tomcat.embed:tomcat-embed-core to version 9.0.106, 10.1.42, 11.0.8 or higher.|
|P2 - High|SNYK-JAVA-ORGAPACHETOMCATEMBED-10674391|Integer Overflow or Wraparound|7.8 HIGH|not defined|Upgrade org.apache.tomcat.embed:tomcat-embed-core to version 9.0.107, 10.1.43, 11.0.9 or higher.|
|P2 - High|SNYK-JAVA-ORGAPACHETOMCATEMBED-10676854|Race Condition|7.8 HIGH|not defined|Upgrade org.apache.tomcat.embed:tomcat-embed-core to version 9.0.107 or higher.|
|P2 - High|SNYK-JAVA-ORGAPACHETOMCATEMBED-10676855|Allocation of Resources Without Limits or Throttling|7.8 HIGH|not defined|Upgrade org.apache.tomcat.embed:tomcat-embed-core to version 9.0.107, 10.1.43, 11.0.9 or higher.|
|P2 - High|SNYK-JAVA-ORGAPACHETOMCATEMBED-11799152|Improper Resource Shutdown or Release|7.8 HIGH|not defined|Upgrade org.apache.tomcat.embed:tomcat-embed-core to version 9.0.108, 10.1.44, 11.0.10 or higher.|
|P2 - High|SNYK-JAVA-ORGAPACHETOMCATEMBED-13746602|Untrusted Search Path|7.8 HIGH|not defined|Upgrade org.apache.tomcat.embed:tomcat-embed-core to version 9.0.106, 10.1.42, 11.0.8 or higher.|
|P2 - High|SNYK-JAVA-ORGAPACHETOMCATEMBED-15990633|HTTP Request Smuggling|7.8 HIGH|not defined|Upgrade org.apache.tomcat.embed:tomcat-embed-core to version 9.0.116, 10.1.53, 11.0.20 or higher.|
|P2 - High|SNYK-JAVA-ORGAPACHETOMCATEMBED-16643259|Allocation of Resources Without Limits or Throttling|7.8 HIGH|not defined|Upgrade org.apache.tomcat.embed:tomcat-embed-core to version 9.0.118, 10.1.55, 11.0.22 or higher.|
|P2 - High|SNYK-JAVA-ORGAPACHETOMCATEMBED-7430175|Insufficient Session Expiration|7.8 HIGH|not defined|Upgrade org.apache.tomcat.embed:tomcat-embed-core to version 9.0.90, 10.1.25, 11.0.0-M21 or higher.|
|P2 - High|SNYK-JAVA-ORGAPACHETOMCATEMBED-8073090|Allocation of Resources Without Limits or Throttling|7.8 HIGH|not defined|Upgrade org.apache.tomcat.embed:tomcat-embed-core to version 9.0.90, 10.1.25, 11.0.0-M21 or higher.|
|P2 - High|CVE-2025-24813|Path Equivalence|7.8 HIGH|attacked|Upgrade org.apache.tomcat.embed:tomcat-embed-core to version 9.0.99, 10.1.35, 11.0.3 or higher.|
|P2 - High|SNYK-JAVA-ORGAPACHETOMCATEMBED-10365310|Authentication Bypass Using an Alternate Path or Channel|5.5 MEDIUM|not defined|Upgrade org.apache.tomcat.embed:tomcat-embed-core to version 9.0.106, 10.1.42, 11.0.8 or higher.|
|P2 - High|SNYK-JAVA-ORGAPACHETOMCATEMBED-3369687|Unprotected Transport of Credentials|5.5 MEDIUM|not defined|Upgrade org.apache.tomcat.embed:tomcat-embed-core to version 8.5.86, 9.0.72, 10.1.6, 11.0.0-M3 or higher.|
|P2 - High|SNYK-JAVA-ORGAPACHETOMCATEMBED-5959972|Incomplete Cleanup|5.5 MEDIUM|not defined|Upgrade org.apache.tomcat.embed:tomcat-embed-core to version 8.5.94, 9.0.81, 10.1.14, 11.0.0-M12 or higher.|
|P3 - Medium|SNYK-JAVA-ORGAPACHETOMCATEMBED-10264469|Improper Handling of Case Sensitivity|5.5 MEDIUM|not defined|Upgrade org.apache.tomcat.embed:tomcat-embed-core to version 9.0.105, 10.1.41, 11.0.7 or higher.|
|P3 - Medium|SNYK-JAVA-ORGAPACHETOMCATEMBED-11798986|Session Fixation|5.5 MEDIUM|not defined|Upgrade org.apache.tomcat.embed:tomcat-embed-core to version 9.0.106, 10.1.42, 11.0.8 or higher.|
|P3 - Medium|SNYK-JAVA-ORGAPACHETOMCATEMBED-13723930|Improper Resource Shutdown or Release|5.5 MEDIUM|not defined|Upgrade org.apache.tomcat.embed:tomcat-embed-core to version 9.0.110, 10.1.47, 11.0.12 or higher.|
|P3 - Medium|SNYK-JAVA-ORGAPACHETOMCATEMBED-15989812|Improper Encoding or Escaping of Output|5.5 MEDIUM|not defined|Upgrade org.apache.tomcat.embed:tomcat-embed-core to version 9.0.117, 10.1.54, 11.0.21 or higher.|
|P3 - Medium|SNYK-JAVA-ORGAPACHETOMCATEMBED-16690888|Improper Authorization|5.5 MEDIUM|not defined|Upgrade org.apache.tomcat.embed:tomcat-embed-core to version 9.0.118, 10.1.55, 11.0.22 or higher.|
|P3 - Medium|SNYK-JAVA-ORGAPACHETOMCATEMBED-16691220|Improper Validation of Syntactic Correctness of Input|5.5 MEDIUM|not defined|Upgrade org.apache.tomcat.embed:tomcat-embed-core to version 9.0.118, 10.1.55, 11.0.22 or higher.|
|P3 - Medium|SNYK-JAVA-ORGAPACHETOMCATEMBED-16691224|Improper Handling of Case Sensitivity|5.5 MEDIUM|not defined|Upgrade org.apache.tomcat.embed:tomcat-embed-core to version 9.0.118, 10.1.55, 11.0.22 or higher.|
|P3 - Medium|SNYK-JAVA-ORGAPACHETOMCATEMBED-17733895|Improper Authorization|5.5 MEDIUM|not defined|Upgrade org.apache.tomcat.embed:tomcat-embed-core to version 9.0.119, 10.1.56, 11.0.23 or higher.|
|P3 - Medium|SNYK-JAVA-ORGAPACHETOMCATEMBED-17734715|Always-Incorrect Control Flow Implementation|5.5 MEDIUM|not defined|Upgrade org.apache.tomcat.embed:tomcat-embed-core to version 9.0.119, 10.1.56, 11.0.23 or higher.|
|P3 - Medium|SNYK-JAVA-ORGAPACHETOMCATEMBED-17734718|Always-Incorrect Control Flow Implementation|5.5 MEDIUM|not defined|Upgrade org.apache.tomcat.embed:tomcat-embed-core to version 9.0.119, 10.1.56, 11.0.23 or higher.|
|P3 - Medium|SNYK-JAVA-ORGAPACHETOMCATEMBED-15990787|Open Redirect|5.5 MEDIUM|not defined|Upgrade org.apache.tomcat.embed:tomcat-embed-core to version 9.0.116, 10.1.53, 11.0.20 or higher.|
|P3 - Medium|SNYK-JAVA-ORGAPACHETOMCATEMBED-16643276|Timing Attack|5.5 MEDIUM|not defined|Upgrade org.apache.tomcat.embed:tomcat-embed-core to version 9.0.118, 10.1.55, 11.0.22 or higher.|
|P3 - Medium|SNYK-JAVA-ORGAPACHETOMCATEMBED-15307825|Improper Authorization|2.5 LOW|not defined|Upgrade org.apache.tomcat.embed:tomcat-embed-core to version 9.0.113, 10.1.50, 11.0.15 or higher.|

h2. Notes
* Reachability, business criticality and remediation-effort assessment for each finding are in the attached master CSV (vulnbank_vulnerability_triage.csv).
* Filed from security triage backlog — close this ticket once the component is upgraded to the recommended version and a re-scan shows no regressions."
[Security] Upgrade spring-boot-actuator-autoconfigure — 3 known vulnerabilities (High),Bug,High,spring-boot-actuator-autoconfigure,"security,dependency-upgrade,spring-boot-actuator-autoconfigure",3,P2 - High,2.7.5,"2.5.15, 3.3.11, 3.5.12","CVE-2023-20873, CVE-2026-22733, CVE-2025-22235","h2. Summary
Component *spring-boot-actuator-autoconfigure* has *3* known vulnerabilities identified by Dependency-Check / Snyk scans.
Current version(s) in use: 2.7.5
Recommended target version(s): 2.5.15, 3.3.11, 3.5.12

h2. Findings
||Priority||CVE / ID||Title||CVSS||Exploit Maturity||Fix||
|P2 - High|CVE-2023-20873|Access Restriction Bypass|9.8 CRITICAL|not defined|Upgrade org.springframework.boot:spring-boot-actuator-autoconfigure to version 2.5.15, 2.6.15, 2.7.11, 3.0.6 or higher.|
|P2 - High|CVE-2026-22733|Authentication Bypass Using an Alternate Path or Channel|9.3 CRITICAL|not defined|Upgrade org.springframework.boot:spring-boot-actuator-autoconfigure to version 3.5.12, 4.0.4 or higher.|
|P2 - High|CVE-2025-22235|Improper Input Validation|5.5 MEDIUM|proof of concept|Upgrade org.springframework.boot:spring-boot-actuator-autoconfigure to version 3.3.11, 3.4.5 or higher.|

h2. Notes
* Reachability, business criticality and remediation-effort assessment for each finding are in the attached master CSV (vulnbank_vulnerability_triage.csv).
* Filed from security triage backlog — close this ticket once the component is upgraded to the recommended version and a re-scan shows no regressions."
[Security] Upgrade spring-webmvc — 17 known vulnerabilities (High),Bug,High,spring-webmvc,"security,dependency-upgrade,spring-webmvc",17,P2 - High,5.3.23,"5.3.26, 6.0.0, 6.1.13, 6.1.14, 6.2.17, 6.2.18, 7.0.9","CVE-2023-20860, CVE-2023-20861, CVE-2026-47884, CVE-2024-38816, CVE-2024-38816, CVE-2024-38819, CVE-2026-41842, CVE-2026-22737, CVE-2026-41843, CVE-2026-41841, CVE-2026-41853, CVE-2024-38828, CVE-2026-41846, CVE-2026-41844, CVE-2026-47887, CVE-2026-22735, CVE-2026-22741, CVE-2026-59313, CVE-2022-22968, CVE-2024-38820","h2. Summary
Component *spring-webmvc* has *17* known vulnerabilities identified by Dependency-Check / Snyk scans.
Current version(s) in use: 5.3.23
Recommended target version(s): 5.3.26, 6.0.0, 6.1.13, 6.1.14, 6.2.17, 6.2.18, 7.0.9

h2. Findings
||Priority||CVE / ID||Title||CVSS||Exploit Maturity||Fix||
|P2 - High|CVE-2023-20860, CVE-2023-20861|Improper Access Control|7.5 HIGH|proof of concept|Upgrade org.springframework:spring-webmvc to version 5.3.26, 6.0.7 or higher.|
|P2 - High|CVE-2026-47884|Arbitrary Code Injection|9.3 CRITICAL|not defined|Upgrade org.springframework:spring-webmvc to version 7.0.9 or higher.|
|P2 - High|CVE-2024-38816|Path Traversal|7.8 HIGH|proof of concept|Upgrade org.springframework:spring-webmvc to version 6.1.13 or higher.|
|P2 - High|CVE-2024-38816, CVE-2024-38819|Path Traversal|7.8 HIGH|proof of concept|Upgrade org.springframework:spring-webmvc to version 6.1.14 or higher.|
|P2 - High|CVE-2026-41842|Allocation of Resources Without Limits or Throttling|7.8 HIGH|not defined|Upgrade org.springframework:spring-webmvc to version 6.0.0, 6.2.19, 7.0.8 or higher.|
|P2 - High|CVE-2026-22737|Directory Traversal|7.8 HIGH|not defined|Upgrade org.springframework:spring-webmvc to version 6.2.17, 7.0.6 or higher.|
|P2 - High|CVE-2026-41843|Directory Traversal|7.8 HIGH|not defined|Upgrade org.springframework:spring-webmvc to version 6.0.0, 6.2.19, 7.0.8 or higher.|
|P2 - High|CVE-2026-41841|Direct Request ('Forced Browsing')|7.8 HIGH|not defined|Upgrade org.springframework:spring-webmvc to version 6.0.0, 6.2.19, 7.0.8 or higher.|
|P2 - High|CVE-2026-41853|HTTP Request Smuggling|5.5 MEDIUM|not defined|Upgrade org.springframework:spring-webmvc to version 6.0.0, 6.2.19, 7.0.8 or higher.|
|P2 - High|CVE-2024-38828|Denial of Service (DoS)|5.5 MEDIUM|not defined|Upgrade org.springframework:spring-webmvc to version 6.0.0 or higher.|
|P2 - High|CVE-2026-41846|Cross-site Scripting (XSS)|5.5 MEDIUM|not defined|Upgrade org.springframework:spring-webmvc to version 6.0.0, 6.2.19, 7.0.8 or higher.|
|P2 - High|CVE-2026-41844|Open Redirect|5.5 MEDIUM|not defined|Upgrade org.springframework:spring-webmvc to version 6.0.0, 6.2.19, 7.0.8 or higher.|
|P2 - High|CVE-2026-47887|Open Redirect|5.5 MEDIUM|not defined|Upgrade org.springframework:spring-webmvc to version 7.0.9 or higher.|
|P3 - Medium|CVE-2026-22735|Improper Neutralization of Special Elements in Output Used by a Downstream Component ('Injection')|2.5 LOW|not defined|Upgrade org.springframework:spring-webmvc to version 6.2.17, 7.0.6 or higher.|
|P3 - Medium|CVE-2026-22741|HTTP Request Smuggling|2.5 LOW|not defined|Upgrade org.springframework:spring-webmvc to version 6.2.18, 7.0.7 or higher.|
|P3 - Medium|CVE-2026-59313|Improper Neutralization|2.5 LOW|not defined|Upgrade org.springframework:spring-webmvc to version 7.0.9 or higher.|
|P3 - Medium|CVE-2022-22968, CVE-2024-38820|Improper Handling of Case Sensitivity|2.5 LOW|not defined|Upgrade org.springframework:spring-webmvc to version 6.1.14 or higher.|

h2. Notes
* Reachability, business criticality and remediation-effort assessment for each finding are in the attached master CSV (vulnbank_vulnerability_triage.csv).
* Filed from security triage backlog — close this ticket once the component is upgraded to the recommended version and a re-scan shows no regressions."
[Security] Upgrade thymeleaf — 4 known vulnerabilities (High),Bug,High,thymeleaf,"security,dependency-upgrade,thymeleaf",4,P2 - High,3.0.15.RELEASE,"3.1.2.RELEASE, 3.1.4.RELEASE, 3.1.5.RELEASE","CVE-2026-40478, SNYK-JAVA-ORGTHYMELEAF-5811866, SNYK-JAVA-ORGTHYMELEAF-16078372, SNYK-JAVA-ORGTHYMELEAF-18319696","h2. Summary
Component *thymeleaf* has *4* known vulnerabilities identified by Dependency-Check / Snyk scans.
Current version(s) in use: 3.0.15.RELEASE
Recommended target version(s): 3.1.2.RELEASE, 3.1.4.RELEASE, 3.1.5.RELEASE

h2. Findings
||Priority||CVE / ID||Title||CVSS||Exploit Maturity||Fix||
|P2 - High|CVE-2026-40478|Template Injection|9.3 CRITICAL|proof of concept|Upgrade org.thymeleaf:thymeleaf to version 3.1.4.RELEASE or higher.|
|P2 - High|SNYK-JAVA-ORGTHYMELEAF-5811866|Sandbox Bypass|9.3 CRITICAL|proof of concept|Upgrade org.thymeleaf:thymeleaf to version 3.1.2.RELEASE or higher.|
|P2 - High|SNYK-JAVA-ORGTHYMELEAF-16078372|Template Injection|9.3 CRITICAL|not defined|Upgrade org.thymeleaf:thymeleaf to version 3.1.4.RELEASE or higher.|
|P2 - High|SNYK-JAVA-ORGTHYMELEAF-18319696|Expression Language Injection|9.3 CRITICAL|not defined|Upgrade org.thymeleaf:thymeleaf to version 3.1.5.RELEASE or higher.|

h2. Notes
* Reachability, business criticality and remediation-effort assessment for each finding are in the attached master CSV (vulnbank_vulnerability_triage.csv).
* Filed from security triage backlog — close this ticket once the component is upgraded to the recommended version and a re-scan shows no regressions."
[Security] Upgrade spring-security-crypto — 3 known vulnerabilities (High),Bug,High,spring-security-crypto,"security,dependency-upgrade,spring-security-crypto",3,P2 - High,5.7.4,"5.7.14, 6.3.8, 7.0.7","CVE-2025-22228, CVE-2026-47842, CVE-2024-38827","h2. Summary
Component *spring-security-crypto* has *3* known vulnerabilities identified by Dependency-Check / Snyk scans.
Current version(s) in use: 5.7.4
Recommended target version(s): 5.7.14, 6.3.8, 7.0.7

h2. Findings
||Priority||CVE / ID||Title||CVSS||Exploit Maturity||Fix||
|P2 - High|CVE-2025-22228|Authentication Bypass by Primary Weakness|9.3 CRITICAL|not defined|Upgrade org.springframework.security:spring-security-crypto to version 6.3.8, 6.4.4 or higher.|
|P2 - High|CVE-2026-47842|Generation of Predictable IV with CBC Mode|7.8 HIGH|not defined|Upgrade org.springframework.security:spring-security-crypto to version 7.0.7, 7.1.1 or higher.|
|P2 - High|CVE-2024-38827|Authorization Bypass|5.5 MEDIUM|not defined|Upgrade org.springframework.security:spring-security-crypto to version 5.7.14, 5.8.16, 6.2.8, 6.3.5 or higher.|

h2. Notes
* Reachability, business criticality and remediation-effort assessment for each finding are in the attached master CSV (vulnbank_vulnerability_triage.csv).
* Filed from security triage backlog — close this ticket once the component is upgraded to the recommended version and a re-scan shows no regressions."
[Security] Upgrade spring-boot-actuator — 2 known vulnerabilities (High),Bug,High,spring-boot-actuator,"security,dependency-upgrade,spring-boot-actuator",2,P2 - High,2.7.5,"2.7.18, 3.5.12","CVE-2026-22733, CVE-2023-34055","h2. Summary
Component *spring-boot-actuator* has *2* known vulnerabilities identified by Dependency-Check / Snyk scans.
Current version(s) in use: 2.7.5
Recommended target version(s): 2.7.18, 3.5.12

h2. Findings
||Priority||CVE / ID||Title||CVSS||Exploit Maturity||Fix||
|P2 - High|CVE-2026-22733|Authentication Bypass Using an Alternate Path or Channel|9.3 CRITICAL|not defined|Upgrade org.springframework.boot:spring-boot-actuator to version 3.5.12, 4.0.4 or higher.|
|P3 - Medium|CVE-2023-34055|Denial of Service (DoS)|5.5 MEDIUM|not defined|Upgrade org.springframework.boot:spring-boot-actuator to version 2.7.18, 3.0.13, 3.1.6 or higher.|

h2. Notes
* Reachability, business criticality and remediation-effort assessment for each finding are in the attached master CSV (vulnbank_vulnerability_triage.csv).
* Filed from security triage backlog — close this ticket once the component is upgraded to the recommended version and a re-scan shows no regressions."
[Security] Upgrade spring-beans — 2 known vulnerabilities (High),Bug,High,spring-beans,"security,dependency-upgrade,spring-beans",2,P2 - High,5.3.23,"6.2.10, 7.0.9","CVE-2025-41242, CVE-2026-59282","h2. Summary
Component *spring-beans* has *2* known vulnerabilities identified by Dependency-Check / Snyk scans.
Current version(s) in use: 5.3.23
Recommended target version(s): 6.2.10, 7.0.9

h2. Findings
||Priority||CVE / ID||Title||CVSS||Exploit Maturity||Fix||
|P2 - High|CVE-2025-41242|Relative Path Traversal|7.8 HIGH|proof of concept|Upgrade org.springframework:spring-beans to version 6.2.10 or higher.|
|P2 - High|CVE-2026-59282|Allocation of Resources Without Limits or Throttling|7.8 HIGH|not defined|Upgrade org.springframework:spring-beans to version 7.0.9 or higher.|

h2. Notes
* Reachability, business criticality and remediation-effort assessment for each finding are in the attached master CSV (vulnbank_vulnerability_triage.csv).
* Filed from security triage backlog — close this ticket once the component is upgraded to the recommended version and a re-scan shows no regressions."
[Security] Upgrade spring-boot-autoconfigure — 3 known vulnerabilities (High),Bug,High,spring-boot-autoconfigure,"security,dependency-upgrade,spring-boot-autoconfigure",3,P2 - High,2.7.5,"2.5.15, 3.5.14, 3.5.15","CVE-2026-40974, SNYK-JAVA-ORGSPRINGFRAMEWORKBOOT-5564390, CVE-2026-41001","h2. Summary
Component *spring-boot-autoconfigure* has *3* known vulnerabilities identified by Dependency-Check / Snyk scans.
Current version(s) in use: 2.7.5
Recommended target version(s): 2.5.15, 3.5.14, 3.5.15

h2. Findings
||Priority||CVE / ID||Title||CVSS||Exploit Maturity||Fix||
|P2 - High|CVE-2026-40974|Improper Validation of Certificate with Host Mismatch|9.3 CRITICAL|not defined|Upgrade org.springframework.boot:spring-boot-autoconfigure to version 3.5.14, 4.0.6 or higher.|
|P2 - High|SNYK-JAVA-ORGSPRINGFRAMEWORKBOOT-5564390|Denial of Service (DoS)|7.8 HIGH|not defined|Upgrade org.springframework.boot:spring-boot-autoconfigure to version 2.5.15, 2.6.15, 2.7.12, 3.0.7 or higher.|
|P2 - High|CVE-2026-41001|Insecure Temporary File|5.5 MEDIUM|not defined|Upgrade org.springframework.boot:spring-boot-autoconfigure to version 3.5.15, 4.0.7, 4.1.0 or higher.|

h2. Notes
* Reachability, business criticality and remediation-effort assessment for each finding are in the attached master CSV (vulnbank_vulnerability_triage.csv).
* Filed from security triage backlog — close this ticket once the component is upgraded to the recommended version and a re-scan shows no regressions."
[Security] Upgrade jackson-core — 5 known vulnerabilities (High),Bug,High,jackson-core,"security,dependency-upgrade,jackson-core",5,P2 - High,2.13.4,"2.15.0-rc1, 2.18.6, 2.18.7, 2.18.8","SNYK-JAVA-COMFASTERXMLJACKSONCORE-15365924, SNYK-JAVA-COMFASTERXMLJACKSONCORE-18517159, SNYK-JAVA-COMFASTERXMLJACKSONCORE-10500754, SNYK-JAVA-COMFASTERXMLJACKSONCORE-15907551, SNYK-JAVA-COMFASTERXMLJACKSONCORE-7569538","h2. Summary
Component *jackson-core* has *5* known vulnerabilities identified by Dependency-Check / Snyk scans.
Current version(s) in use: 2.13.4
Recommended target version(s): 2.15.0-rc1, 2.18.6, 2.18.7, 2.18.8

h2. Findings
||Priority||CVE / ID||Title||CVSS||Exploit Maturity||Fix||
|P2 - High|SNYK-JAVA-COMFASTERXMLJACKSONCORE-15365924|Allocation of Resources Without Limits or Throttling|7.8 HIGH|proof of concept|Upgrade com.fasterxml.jackson.core:jackson-core to version 2.18.6, 2.21.1 or higher.|
|P2 - High|SNYK-JAVA-COMFASTERXMLJACKSONCORE-18517159|Allocation of Resources Without Limits or Throttling|7.8 HIGH|proof of concept|Upgrade com.fasterxml.jackson.core:jackson-core to version 2.18.8, 2.21.4 or higher.|
|P2 - High|SNYK-JAVA-COMFASTERXMLJACKSONCORE-10500754|Stack-based Buffer Overflow|7.8 HIGH|not defined|Upgrade com.fasterxml.jackson.core:jackson-core to version 2.15.0-rc1 or higher.|
|P2 - High|SNYK-JAVA-COMFASTERXMLJACKSONCORE-15907551|Allocation of Resources Without Limits or Throttling|7.8 HIGH|not defined|Upgrade com.fasterxml.jackson.core:jackson-core to version 2.18.7, 2.21.2 or higher.|
|P2 - High|SNYK-JAVA-COMFASTERXMLJACKSONCORE-7569538|Denial of Service (DoS)|7.8 HIGH|not defined|Upgrade com.fasterxml.jackson.core:jackson-core to version 2.15.0-rc1 or higher.|

h2. Notes
* Reachability, business criticality and remediation-effort assessment for each finding are in the attached master CSV (vulnbank_vulnerability_triage.csv).
* Filed from security triage backlog — close this ticket once the component is upgraded to the recommended version and a re-scan shows no regressions."
[Security] Upgrade spring-core — 4 known vulnerabilities (High),Bug,High,spring-core,"security,dependency-upgrade,spring-core",4,P2 - High,5.3.23,"6.0.0, 6.1.14, 6.2.11, 6.2.18","CVE-2025-41249, CVE-2026-22745, CVE-2026-41848, CVE-2022-22968, CVE-2024-38820","h2. Summary
Component *spring-core* has *4* known vulnerabilities identified by Dependency-Check / Snyk scans.
Current version(s) in use: 5.3.23
Recommended target version(s): 6.0.0, 6.1.14, 6.2.11, 6.2.18

h2. Findings
||Priority||CVE / ID||Title||CVSS||Exploit Maturity||Fix||
|P2 - High|CVE-2025-41249|Incorrect Authorization|7.8 HIGH|not defined|Upgrade org.springframework:spring-core to version 6.2.11 or higher.|
|P2 - High|CVE-2026-22745|Allocation of Resources Without Limits or Throttling|5.5 MEDIUM|not defined|Upgrade org.springframework:spring-core to version 6.2.18, 7.0.7 or higher.|
|P2 - High|CVE-2026-41848|Regular Expression Denial of Service (ReDoS)|5.5 MEDIUM|not defined|Upgrade org.springframework:spring-core to version 6.0.0, 6.2.19, 7.0.8 or higher.|
|P3 - Medium|CVE-2022-22968, CVE-2024-38820|Improper Handling of Case Sensitivity|2.5 LOW|not defined|Upgrade org.springframework:spring-core to version 6.1.14 or higher.|

h2. Notes
* Reachability, business criticality and remediation-effort assessment for each finding are in the attached master CSV (vulnbank_vulnerability_triage.csv).
* Filed from security triage backlog — close this ticket once the component is upgraded to the recommended version and a re-scan shows no regressions."
[Security] Upgrade h2 — 2 known vulnerabilities (High),Bug,High,h2,"security,dependency-upgrade,h2",2,P2 - High,2.1.214,2.2.220,"CVE-2022-45868, SNYK-JAVA-COMH2DATABASE-3146851","h2. Summary
Component *h2* has *2* known vulnerabilities identified by Dependency-Check / Snyk scans.
Current version(s) in use: 2.1.214
Recommended target version(s): 2.2.220

h2. Findings
||Priority||CVE / ID||Title||CVSS||Exploit Maturity||Fix||
|P2 - High|CVE-2022-45868|CWE-312 Cleartext Storage of Sensitive Information|7.8 HIGH|Proof-of-Concept (CVSS temporal)|See NVD/vendor advisory for patched version|
|P2 - High|SNYK-JAVA-COMH2DATABASE-3146851|Information Exposure|5.5 MEDIUM|proof of concept|Upgrade com.h2database:h2 to version 2.2.220 or higher.|

h2. Notes
* Reachability, business criticality and remediation-effort assessment for each finding are in the attached master CSV (vulnbank_vulnerability_triage.csv).
* Filed from security triage backlog — close this ticket once the component is upgraded to the recommended version and a re-scan shows no regressions."
[Security] Upgrade spring-expression — 9 known vulnerabilities (High),Bug,High,spring-expression,"security,dependency-upgrade,spring-expression",9,P2 - High,5.3.23,"5.2.23.RELEASE, 5.2.24.RELEASE, 5.3.39, 6.0.0, 7.0.9","CVE-2026-41850, CVE-2026-41849, CVE-2026-41851, CVE-2026-47886, CVE-2026-59283, CVE-2023-20861, CVE-2023-20863, CVE-2026-41852, CVE-2024-38808","h2. Summary
Component *spring-expression* has *9* known vulnerabilities identified by Dependency-Check / Snyk scans.
Current version(s) in use: 5.3.23
Recommended target version(s): 5.2.23.RELEASE, 5.2.24.RELEASE, 5.3.39, 6.0.0, 7.0.9

h2. Findings
||Priority||CVE / ID||Title||CVSS||Exploit Maturity||Fix||
|P2 - High|CVE-2026-41850|Inefficient Algorithmic Complexity|7.8 HIGH|not defined|Upgrade org.springframework:spring-expression to version 6.0.0, 6.2.19, 7.0.8 or higher.|
|P2 - High|CVE-2026-41849|Integer Overflow or Wraparound|7.8 HIGH|not defined|Upgrade org.springframework:spring-expression to version 6.0.0 or higher.|
|P2 - High|CVE-2026-41851|Allocation of Resources Without Limits or Throttling|7.8 HIGH|not defined|Upgrade org.springframework:spring-expression to version 6.0.0, 6.2.19, 7.0.8 or higher.|
|P2 - High|CVE-2026-47886|Allocation of Resources Without Limits or Throttling|7.8 HIGH|not defined|Upgrade org.springframework:spring-expression to version 7.0.9 or higher.|
|P2 - High|CVE-2026-59283|Allocation of Resources Without Limits or Throttling|7.8 HIGH|not defined|Upgrade org.springframework:spring-expression to version 7.0.9 or higher.|
|P2 - High|CVE-2023-20861|Allocation of Resources Without Limits or Throttling|6.5 MEDIUM|not defined|Upgrade org.springframework:spring-expression to version 5.2.23.RELEASE, 5.3.26, 6.0.7 or higher.|
|P2 - High|CVE-2023-20863|Allocation of Resources Without Limits or Throttling|6.5 MEDIUM|not defined|Upgrade org.springframework:spring-expression to version 5.2.24.RELEASE, 5.3.27, 6.0.8 or higher.|
|P2 - High|CVE-2026-41852|Exposed Dangerous Method or Function|5.5 MEDIUM|not defined|Upgrade org.springframework:spring-expression to version 6.0.0, 6.2.19, 7.0.8 or higher.|
|P3 - Medium|CVE-2024-38808|Allocation of Resources Without Limits or Throttling|5.5 MEDIUM|not defined|Upgrade org.springframework:spring-expression to version 5.3.39 or higher.|

h2. Notes
* Reachability, business criticality and remediation-effort assessment for each finding are in the attached master CSV (vulnbank_vulnerability_triage.csv).
* Filed from security triage backlog — close this ticket once the component is upgraded to the recommended version and a re-scan shows no regressions."
[Security] Upgrade spring-data-commons — 3 known vulnerabilities (High),Bug,High,spring-data-commons,"security,dependency-upgrade,spring-data-commons",3,P2 - High,2.7.5,3.5.12,"CVE-2026-41721, CVE-2026-41711, CVE-2026-41716","h2. Summary
Component *spring-data-commons* has *3* known vulnerabilities identified by Dependency-Check / Snyk scans.
Current version(s) in use: 2.7.5
Recommended target version(s): 3.5.12

h2. Findings
||Priority||CVE / ID||Title||CVSS||Exploit Maturity||Fix||
|P2 - High|CVE-2026-41721|Denial of Service (DoS)|7.8 HIGH|not defined|Upgrade org.springframework.data:spring-data-commons to version 3.5.12, 4.0.6 or higher.|
|P2 - High|CVE-2026-41711|Denial of Service (DoS)|7.8 HIGH|not defined|Upgrade org.springframework.data:spring-data-commons to version 3.5.12, 4.0.6 or higher.|
|P2 - High|CVE-2026-41716|Allocation of Resources Without Limits or Throttling|7.8 HIGH|not defined|Upgrade org.springframework.data:spring-data-commons to version 3.5.12, 4.0.6 or higher.|

h2. Notes
* Reachability, business criticality and remediation-effort assessment for each finding are in the attached master CSV (vulnbank_vulnerability_triage.csv).
* Filed from security triage backlog — close this ticket once the component is upgraded to the recommended version and a re-scan shows no regressions."
[Security] Upgrade tomcat-embed-websocket — 2 known vulnerabilities (High),Bug,High,tomcat-embed-websocket,"security,dependency-upgrade,tomcat-embed-websocket",2,P2 - High,9.0.68,"8.0.1, 8.5.99","SNYK-JAVA-ORGAPACHETOMCATEMBED-6435950, SNYK-JAVA-ORGAPACHETOMCATEMBED-16643269","h2. Summary
Component *tomcat-embed-websocket* has *2* known vulnerabilities identified by Dependency-Check / Snyk scans.
Current version(s) in use: 9.0.68
Recommended target version(s): 8.0.1, 8.5.99

h2. Findings
||Priority||CVE / ID||Title||CVSS||Exploit Maturity||Fix||
|P2 - High|SNYK-JAVA-ORGAPACHETOMCATEMBED-6435950|Denial of Service (DoS)|7.8 HIGH|not defined|Upgrade org.apache.tomcat.embed:tomcat-embed-websocket to version 8.5.99, 9.0.86, 10.1.19, 1.0.0-M17 or higher.|
|P2 - High|SNYK-JAVA-ORGAPACHETOMCATEMBED-16643269|Exposure of Private Personal Information to an Unauthorized Actor|5.5 MEDIUM|not defined|Upgrade org.apache.tomcat.embed:tomcat-embed-websocket to version 8.0.1, 9.0.0.M1, 9.0.118, 10.1.55, 11.0.22 or higher.|

h2. Notes
* Reachability, business criticality and remediation-effort assessment for each finding are in the attached master CSV (vulnbank_vulnerability_triage.csv).
* Filed from security triage backlog — close this ticket once the component is upgraded to the recommended version and a re-scan shows no regressions."
[Security] Upgrade micrometer-core — 3 known vulnerabilities (High),Bug,High,micrometer-core,"security,dependency-upgrade,micrometer-core",3,P2 - High,1.9.5,"1.15.12, 1.16.7","CVE-2026-59296, CVE-2026-40984, CVE-2026-59295","h2. Summary
Component *micrometer-core* has *3* known vulnerabilities identified by Dependency-Check / Snyk scans.
Current version(s) in use: 1.9.5
Recommended target version(s): 1.15.12, 1.16.7

h2. Findings
||Priority||CVE / ID||Title||CVSS||Exploit Maturity||Fix||
|P2 - High|CVE-2026-59296|CRLF Injection|7.8 HIGH|not defined|Upgrade io.micrometer:micrometer-core to version 1.16.7, 1.17.1 or higher.|
|P2 - High|CVE-2026-40984|Allocation of Resources Without Limits or Throttling|7.8 HIGH|not defined|Upgrade io.micrometer:micrometer-core to version 1.15.12, 1.16.6 or higher.|
|P2 - High|CVE-2026-59295|Missing Release of Memory after Effective Lifetime|7.8 HIGH|not defined|Upgrade io.micrometer:micrometer-core to version 1.16.7, 1.17.1 or higher.|

h2. Notes
* Reachability, business criticality and remediation-effort assessment for each finding are in the attached master CSV (vulnbank_vulnerability_triage.csv).
* Filed from security triage backlog — close this ticket once the component is upgraded to the recommended version and a re-scan shows no regressions."
[Security] Upgrade logback-classic — 4 known vulnerabilities (High),Bug,High,logback-classic,"security,dependency-upgrade,logback-classic",4,P2 - High,1.2.11,"1.2.13, 1.3.15, 1.5.33","SNYK-JAVA-CHQOSLOGBACK-17675450, SNYK-JAVA-CHQOSLOGBACK-6094942, SNYK-JAVA-CHQOSLOGBACK-6097492, SNYK-JAVA-CHQOSLOGBACK-8539867","h2. Summary
Component *logback-classic* has *4* known vulnerabilities identified by Dependency-Check / Snyk scans.
Current version(s) in use: 1.2.11
Recommended target version(s): 1.2.13, 1.3.15, 1.5.33

h2. Findings
||Priority||CVE / ID||Title||CVSS||Exploit Maturity||Fix||
|P2 - High|SNYK-JAVA-CHQOSLOGBACK-17675450|Deserialization of Untrusted Data|5.5 MEDIUM|proof of concept|Upgrade ch.qos.logback:logback-classic to version 1.5.33 or higher.|
|P2 - High|SNYK-JAVA-CHQOSLOGBACK-6094942|Denial of Service (DoS)|7.8 HIGH|not defined|Upgrade ch.qos.logback:logback-classic to version 1.2.13, 1.3.12, 1.4.12 or higher.|
|P2 - High|SNYK-JAVA-CHQOSLOGBACK-6097492|Uncontrolled Resource Consumption ('Resource Exhaustion')|7.8 HIGH|not defined|Upgrade ch.qos.logback:logback-classic to version 1.2.13, 1.3.14, 1.4.14 or higher.|
|P3 - Medium|SNYK-JAVA-CHQOSLOGBACK-8539867|Improper Neutralization of Special Elements|5.5 MEDIUM|not defined|Upgrade ch.qos.logback:logback-classic to version 1.3.15, 1.5.13 or higher.|

h2. Notes
* Reachability, business criticality and remediation-effort assessment for each finding are in the attached master CSV (vulnbank_vulnerability_triage.csv).
* Filed from security triage backlog — close this ticket once the component is upgraded to the recommended version and a re-scan shows no regressions."
[Security] Upgrade logback-core — 8 known vulnerabilities (High),Bug,High,logback-core,"security,dependency-upgrade,logback-core",8,P2 - High,1.2.11,"1.2.13, 1.3.15, 1.3.16, 1.5.25, 1.5.33, 1.5.36","SNYK-JAVA-CHQOSLOGBACK-17675439, SNYK-JAVA-CHQOSLOGBACK-17675449, SNYK-JAVA-CHQOSLOGBACK-6094943, SNYK-JAVA-CHQOSLOGBACK-6097493, SNYK-JAVA-CHQOSLOGBACK-13169722, SNYK-JAVA-CHQOSLOGBACK-8539866, SNYK-JAVA-CHQOSLOGBACK-15062482, SNYK-JAVA-CHQOSLOGBACK-8539865","h2. Summary
Component *logback-core* has *8* known vulnerabilities identified by Dependency-Check / Snyk scans.
Current version(s) in use: 1.2.11
Recommended target version(s): 1.2.13, 1.3.15, 1.3.16, 1.5.25, 1.5.33, 1.5.36

h2. Findings
||Priority||CVE / ID||Title||CVSS||Exploit Maturity||Fix||
|P2 - High|SNYK-JAVA-CHQOSLOGBACK-17675439|Expression Injection|7.8 HIGH|not defined|Upgrade ch.qos.logback:logback-core to version 1.5.36 or higher.|
|P2 - High|SNYK-JAVA-CHQOSLOGBACK-17675449|Deserialization of Untrusted Data|5.5 MEDIUM|proof of concept|Upgrade ch.qos.logback:logback-core to version 1.5.33 or higher.|
|P3 - Medium|SNYK-JAVA-CHQOSLOGBACK-6094943|Denial of Service (DoS)|7.8 HIGH|not defined|Upgrade ch.qos.logback:logback-core to version 1.2.13, 1.3.12, 1.4.12 or higher.|
|P3 - Medium|SNYK-JAVA-CHQOSLOGBACK-6097493|Uncontrolled Resource Consumption ('Resource Exhaustion')|7.8 HIGH|not defined|Upgrade ch.qos.logback:logback-core to version 1.2.13, 1.3.14, 1.4.14 or higher.|
|P3 - Medium|SNYK-JAVA-CHQOSLOGBACK-13169722|External Initialization of Trusted Variables or Data Stores|5.5 MEDIUM|not defined|Upgrade ch.qos.logback:logback-core to version 1.3.16, 1.5.19 or higher.|
|P3 - Medium|SNYK-JAVA-CHQOSLOGBACK-8539866|Improper Neutralization of Special Elements|5.5 MEDIUM|not defined|Upgrade ch.qos.logback:logback-core to version 1.3.15, 1.5.13 or higher.|
|P3 - Medium|SNYK-JAVA-CHQOSLOGBACK-15062482|External Initialization of Trusted Variables or Data Stores|2.5 LOW|not defined|Upgrade ch.qos.logback:logback-core to version 1.5.25 or higher.|
|P3 - Medium|SNYK-JAVA-CHQOSLOGBACK-8539865|Server-side Request Forgery (SSRF)|2.5 LOW|not defined|Upgrade ch.qos.logback:logback-core to version 1.3.15, 1.5.13 or higher.|

h2. Notes
* Reachability, business criticality and remediation-effort assessment for each finding are in the attached master CSV (vulnbank_vulnerability_triage.csv).
* Filed from security triage backlog — close this ticket once the component is upgraded to the recommended version and a re-scan shows no regressions."
[Security] Upgrade log4j-api — 1 known vulnerability (Medium),Bug,Medium,log4j-api,"security,dependency-upgrade,log4j-api",1,P3 - Medium,2.17.2,,"CVE-2026-34481, CVE-2026-49844","h2. Summary
Component *log4j-api* has *1* known vulnerability identified by Dependency-Check / Snyk scans.
Current version(s) in use: 2.17.2

h2. Findings
||Priority||CVE / ID||Title||CVSS||Exploit Maturity||Fix||
|P3 - Medium|CVE-2026-34481, CVE-2026-49844|Improper Encoding or Escaping of Output|5.5 MEDIUM|not defined|A fix was pushed into the master branch but not yet published.|

h2. Notes
* Reachability, business criticality and remediation-effort assessment for each finding are in the attached master CSV (vulnbank_vulnerability_triage.csv).
* Filed from security triage backlog — close this ticket once the component is upgraded to the recommended version and a re-scan shows no regressions."
[Security] Upgrade spring-context — 1 known vulnerability (Medium),Bug,Medium,spring-context,"security,dependency-upgrade,spring-context",1,P3 - Medium,5.3.23,6.1.14,"CVE-2022-22968, CVE-2024-38820","h2. Summary
Component *spring-context* has *1* known vulnerability identified by Dependency-Check / Snyk scans.
Current version(s) in use: 5.3.23
Recommended target version(s): 6.1.14

h2. Findings
||Priority||CVE / ID||Title||CVSS||Exploit Maturity||Fix||
|P3 - Medium|CVE-2022-22968, CVE-2024-38820|Improper Handling of Case Sensitivity|2.5 LOW|not defined|Upgrade org.springframework:spring-context to version 6.1.14 or higher.|

h2. Notes
* Reachability, business criticality and remediation-effort assessment for each finding are in the attached master CSV (vulnbank_vulnerability_triage.csv).
* Filed from security triage backlog — close this ticket once the component is upgraded to the recommended version and a re-scan shows no regressions."
