"Project","ScanDate","DependencyName","DependencyPath","Description","License","Md5","Sha1","Identifiers","CPE","CVE","CWE","Vulnerability","Source","CVSSv2_Severity","CVSSv2_Score","CVSSv2","CVSSv3_BaseSeverity","CVSSv3_BaseScore","CVSSv3","CVSSv4_BaseSeverity","CVSSv4_BaseScore","CVSSv4","CPE Confidence","Evidence Count","VendorProject","Product","Name","DateAdded","ShortDescription","RequiredAction","DueDate","Notes"
VulnBank,"Fri, 25 Sep 2026 16:58:30 +0530",h2-2.1.214.jar,C:\WINDOWS\system32\config\systemprofile\.m2\repository\com\h2database\h2\2.1.214\h2-2.1.214.jar,H2 Database Engine,MPL 2.0: https://www.mozilla.org/en-US/MPL/2.0/ EPL 1.0: https://opensource.org/licenses/eclipse-1.0.php,93628fb706e682dd989f697394039025,d5c2005c9e3279201e12d4776c948578b16bf8b2,pkg:maven/com.h2database/h2@2.1.214,cpe:2.3:a:h2database:h2:2.1.214:*:*:*:*:*:*:*,CVE-2022-45868,CWE-312 Cleartext Storage of Sensitive Information,"The web-based admin console in H2 Database Engine before 2.2.220 can be started via the CLI with the argument -webAdminPassword, which allows the user to specify the password in cleartext for the web admin console. Consequently, a local user (or an attacker that has obtained local access through some means) would be able to discover the password by listing processes and their arguments. NOTE: the vendor states ""This is not a vulnerability of H2 Console ... Passwords should never be passed on the command line and every qualified DBA or system administrator is expected to know that."" Nonetheless, the issue was fixed in 2.2.220.",NVD,"","","",HIGH,7.8,CVSS:3.1/AV:L/AC:L/PR:L/UI:N/S:U/C:H/I:H/A:H/E:1.8/RC:R/MAV:A,"","","",HIGH,44,"","","","","","","",""
VulnBank,"Fri, 25 Sep 2026 16:58:30 +0530",jackson-databind-2.13.4.2.jar,C:\WINDOWS\system32\config\systemprofile\.m2\repository\com\fasterxml\jackson\core\jackson-databind\2.13.4.2\jackson-databind-2.13.4.2.jar,General data-binding functionality for Jackson: works on core streaming API,"The Apache Software License, Version 2.0: http://www.apache.org/licenses/LICENSE-2.0.txt",f26eab82fa1da09f8e8bc7e52fc82088,325c06bdfeb628cfb80ebaaf1a26cc1eb558a585,pkg:maven/com.fasterxml.jackson.core/jackson-databind@2.13.4.2,"cpe:2.3:a:fasterxml:jackson-databind:2.13.4.2:*:*:*:*:*:*:*, cpe:2.3:a:fasterxml:jackson-modules-java8:2.13.4.2:*:*:*:*:*:*:*",CVE-2023-35116,CWE-770 Allocation of Resources Without Limits or Throttling,"jackson-databind through 2.15.2 allows attackers to cause a denial of service or other unspecified impact via a crafted object that uses cyclic dependencies. NOTE: the vendor's perspective is that this is not a valid vulnerability report, because the steps of constructing a cyclic data structure and trying to serialize it cannot be achieved by an external attacker.",NVD,"","","",MEDIUM,4.7,CVSS:3.1/AV:L/AC:H/PR:L/UI:N/S:U/C:N/I:N/A:H/E:1.0/RC:R/MAV:A,"","","",HIGH,44,"","","","","","","",""
VulnBank,"Fri, 25 Sep 2026 16:58:30 +0530",logback-core-1.2.11.jar,C:\WINDOWS\system32\config\systemprofile\.m2\repository\ch\qos\logback\logback-core\1.2.11\logback-core-1.2.11.jar,logback-core module,"http://www.eclipse.org/legal/epl-v10.html, http://www.gnu.org/licenses/old-licenses/lgpl-2.1.html",115da115b5e66ef64e774ec35af1fb1a,a01230df5ca5c34540cdaa3ad5efb012f1f1f792,pkg:maven/ch.qos.logback/logback-core@1.2.11,cpe:2.3:a:qos:logback:1.2.11:*:*:*:*:*:*:*,CVE-2023-6378,CWE-502 Deserialization of Untrusted Data,A serialization vulnerability in logback receiver component part of  logback version 1.4.11 allows an attacker to mount a Denial-Of-Service  attack by sending poisoned data.,NVD,"","","",HIGH,7.5,CVSS:3.1/AV:N/AC:L/PR:N/UI:N/S:U/C:N/I:N/A:H/E:3.9/RC:R/MAV:A,"","","",HIGH,33,"","","","","","","",""
VulnBank,"Fri, 25 Sep 2026 16:58:30 +0530",snakeyaml-1.30.jar,C:\WINDOWS\system32\config\systemprofile\.m2\repository\org\yaml\snakeyaml\1.30\snakeyaml-1.30.jar,YAML 1.1 parser and emitter for Java,"Apache License, Version 2.0: http://www.apache.org/licenses/LICENSE-2.0.txt",ba063b8ef3a8bfd591a1b56451166b14,8fde7fe2586328ac3c68db92045e1c8759125000,pkg:maven/org.yaml/snakeyaml@1.30,cpe:2.3:a:snakeyaml_project:snakeyaml:1.30:*:*:*:*:*:*:*,CVE-2022-1471,"CWE-502 Deserialization of Untrusted Data, CWE-20 Improper Input Validation",SnakeYaml's Constructor() class does not restrict types which can be instantiated during deserialization. Deserializing yaml content provided by an attacker can lead to remote code execution. We recommend using SnakeYaml's SafeConsturctor when parsing untrusted content to restrict deserialization. We recommend upgrading to version 2.0 and beyond.,NVD,"","","",CRITICAL,9.8,CVSS:3.1/AV:N/AC:L/PR:N/UI:N/S:U/C:H/I:H/A:H/E:3.9/RC:R/MAV:A,"","","",HIGH,44,"","","","","","","",""
VulnBank,"Fri, 25 Sep 2026 16:58:30 +0530",snakeyaml-1.30.jar,C:\WINDOWS\system32\config\systemprofile\.m2\repository\org\yaml\snakeyaml\1.30\snakeyaml-1.30.jar,YAML 1.1 parser and emitter for Java,"Apache License, Version 2.0: http://www.apache.org/licenses/LICENSE-2.0.txt",ba063b8ef3a8bfd591a1b56451166b14,8fde7fe2586328ac3c68db92045e1c8759125000,pkg:maven/org.yaml/snakeyaml@1.30,cpe:2.3:a:snakeyaml_project:snakeyaml:1.30:*:*:*:*:*:*:*,CVE-2022-25857,CWE-776 Improper Restriction of Recursive Entity References in DTDs ('XML Entity Expansion'),The package org.yaml:snakeyaml from 0 and before 1.31 are vulnerable to Denial of Service (DoS) due missing to nested depth limitation for collections.,NVD,"","","",HIGH,7.5,CVSS:3.1/AV:N/AC:L/PR:N/UI:N/S:U/C:N/I:N/A:H/E:3.9/RC:R/MAV:A,"","","",HIGH,44,"","","","","","","",""
VulnBank,"Fri, 25 Sep 2026 16:58:30 +0530",snakeyaml-1.30.jar,C:\WINDOWS\system32\config\systemprofile\.m2\repository\org\yaml\snakeyaml\1.30\snakeyaml-1.30.jar,YAML 1.1 parser and emitter for Java,"Apache License, Version 2.0: http://www.apache.org/licenses/LICENSE-2.0.txt",ba063b8ef3a8bfd591a1b56451166b14,8fde7fe2586328ac3c68db92045e1c8759125000,pkg:maven/org.yaml/snakeyaml@1.30,cpe:2.3:a:snakeyaml_project:snakeyaml:1.30:*:*:*:*:*:*:*,CVE-2022-38749,"CWE-787 Out-of-bounds Write, CWE-121 Stack-based Buffer Overflow","Using snakeYAML to parse untrusted YAML files may be vulnerable to Denial of Service attacks (DOS). If the parser is running on user supplied input, an attacker may supply content that causes the parser to crash by stackoverflow.",NVD,"","","",MEDIUM,6.5,CVSS:3.1/AV:N/AC:L/PR:L/UI:N/S:U/C:N/I:N/A:H/E:2.8/RC:R/MAV:A,"","","",HIGH,44,"","","","","","","",""
VulnBank,"Fri, 25 Sep 2026 16:58:30 +0530",snakeyaml-1.30.jar,C:\WINDOWS\system32\config\systemprofile\.m2\repository\org\yaml\snakeyaml\1.30\snakeyaml-1.30.jar,YAML 1.1 parser and emitter for Java,"Apache License, Version 2.0: http://www.apache.org/licenses/LICENSE-2.0.txt",ba063b8ef3a8bfd591a1b56451166b14,8fde7fe2586328ac3c68db92045e1c8759125000,pkg:maven/org.yaml/snakeyaml@1.30,cpe:2.3:a:snakeyaml_project:snakeyaml:1.30:*:*:*:*:*:*:*,CVE-2022-38751,"CWE-787 Out-of-bounds Write, CWE-121 Stack-based Buffer Overflow","Using snakeYAML to parse untrusted YAML files may be vulnerable to Denial of Service attacks (DOS). If the parser is running on user supplied input, an attacker may supply content that causes the parser to crash by stackoverflow.",NVD,"","","",MEDIUM,6.5,CVSS:3.1/AV:N/AC:L/PR:L/UI:N/S:U/C:N/I:N/A:H/E:2.8/RC:R/MAV:A,"","","",HIGH,44,"","","","","","","",""
VulnBank,"Fri, 25 Sep 2026 16:58:30 +0530",snakeyaml-1.30.jar,C:\WINDOWS\system32\config\systemprofile\.m2\repository\org\yaml\snakeyaml\1.30\snakeyaml-1.30.jar,YAML 1.1 parser and emitter for Java,"Apache License, Version 2.0: http://www.apache.org/licenses/LICENSE-2.0.txt",ba063b8ef3a8bfd591a1b56451166b14,8fde7fe2586328ac3c68db92045e1c8759125000,pkg:maven/org.yaml/snakeyaml@1.30,cpe:2.3:a:snakeyaml_project:snakeyaml:1.30:*:*:*:*:*:*:*,CVE-2022-38752,"CWE-787 Out-of-bounds Write, CWE-121 Stack-based Buffer Overflow","Using snakeYAML to parse untrusted YAML files may be vulnerable to Denial of Service attacks (DOS). If the parser is running on user supplied input, an attacker may supply content that causes the parser to crash by stack-overflow.",NVD,"","","",MEDIUM,6.5,CVSS:3.1/AV:N/AC:L/PR:L/UI:N/S:U/C:N/I:N/A:H/E:2.8/RC:R/MAV:A,"","","",HIGH,44,"","","","","","","",""
VulnBank,"Fri, 25 Sep 2026 16:58:30 +0530",snakeyaml-1.30.jar,C:\WINDOWS\system32\config\systemprofile\.m2\repository\org\yaml\snakeyaml\1.30\snakeyaml-1.30.jar,YAML 1.1 parser and emitter for Java,"Apache License, Version 2.0: http://www.apache.org/licenses/LICENSE-2.0.txt",ba063b8ef3a8bfd591a1b56451166b14,8fde7fe2586328ac3c68db92045e1c8759125000,pkg:maven/org.yaml/snakeyaml@1.30,cpe:2.3:a:snakeyaml_project:snakeyaml:1.30:*:*:*:*:*:*:*,CVE-2022-41854,"CWE-787 Out-of-bounds Write, CWE-121 Stack-based Buffer Overflow","Those using Snakeyaml to parse untrusted YAML files may be vulnerable to Denial of Service attacks (DOS). If the parser is running on user supplied input, an attacker may supply content that causes the parser to crash by stack overflow. This effect may support a denial of service attack.",NVD,"","","",MEDIUM,6.5,CVSS:3.1/AV:N/AC:L/PR:N/UI:R/S:U/C:N/I:N/A:H/E:2.8/RC:R/MAV:A,"","","",HIGH,44,"","","","","","","",""
VulnBank,"Fri, 25 Sep 2026 16:58:30 +0530",snakeyaml-1.30.jar,C:\WINDOWS\system32\config\systemprofile\.m2\repository\org\yaml\snakeyaml\1.30\snakeyaml-1.30.jar,YAML 1.1 parser and emitter for Java,"Apache License, Version 2.0: http://www.apache.org/licenses/LICENSE-2.0.txt",ba063b8ef3a8bfd591a1b56451166b14,8fde7fe2586328ac3c68db92045e1c8759125000,pkg:maven/org.yaml/snakeyaml@1.30,cpe:2.3:a:snakeyaml_project:snakeyaml:1.30:*:*:*:*:*:*:*,CVE-2022-38750,"CWE-787 Out-of-bounds Write, CWE-121 Stack-based Buffer Overflow","Using snakeYAML to parse untrusted YAML files may be vulnerable to Denial of Service attacks (DOS). If the parser is running on user supplied input, an attacker may supply content that causes the parser to crash by stackoverflow.",NVD,"","","",MEDIUM,5.5,CVSS:3.1/AV:L/AC:L/PR:N/UI:R/S:U/C:N/I:N/A:H/E:1.8/RC:R/MAV:A,"","","",HIGH,44,"","","","","","","",""
VulnBank,"Fri, 25 Sep 2026 16:58:30 +0530",spring-boot-2.7.5.jar,C:\WINDOWS\system32\config\systemprofile\.m2\repository\org\springframework\boot\spring-boot\2.7.5\spring-boot-2.7.5.jar,Spring Boot,"Apache License, Version 2.0: https://www.apache.org/licenses/LICENSE-2.0",a7fed1122641f069bc7de65729fa2971,fd04e228e6e21b7ad13c10ae29afd31868d842e5,pkg:maven/org.springframework.boot/spring-boot@2.7.5,cpe:2.3:a:vmware:spring_boot:2.7.5:*:*:*:*:*:*:*,CVE-2023-20873,NVD-CWE-noinfo,"In Spring Boot versions 3.0.0 - 3.0.5, 2.7.0 - 2.7.10, and older unsupported versions, an application that is deployed to Cloud Foundry could be susceptible to a security bypass. Users of affected versions should apply the following mitigation: 3.0.x users should upgrade to 3.0.6+. 2.7.x users should upgrade to 2.7.11+. Users of older, unsupported versions should upgrade to 3.0.6+ or 2.7.11+.",NVD,"","","",CRITICAL,9.8,CVSS:3.1/AV:N/AC:L/PR:N/UI:N/S:U/C:H/I:H/A:H/E:3.9/RC:R/MAV:A,"","","",HIGH,38,"","","","","","","",""
VulnBank,"Fri, 25 Sep 2026 16:58:30 +0530",spring-boot-2.7.5.jar,C:\WINDOWS\system32\config\systemprofile\.m2\repository\org\springframework\boot\spring-boot\2.7.5\spring-boot-2.7.5.jar,Spring Boot,"Apache License, Version 2.0: https://www.apache.org/licenses/LICENSE-2.0",a7fed1122641f069bc7de65729fa2971,fd04e228e6e21b7ad13c10ae29afd31868d842e5,pkg:maven/org.springframework.boot/spring-boot@2.7.5,cpe:2.3:a:vmware:spring_boot:2.7.5:*:*:*:*:*:*:*,CVE-2023-20883,CWE-400 Uncontrolled Resource Consumption,"In Spring Boot versions 3.0.0 - 3.0.6, 2.7.0 - 2.7.11, 2.6.0 - 2.6.14, 2.5.0 - 2.5.14 and older unsupported versions, there is potential for a denial-of-service (DoS) attack if Spring MVC is used together with a reverse proxy cache.",NVD,"","","",HIGH,7.5,CVSS:3.1/AV:N/AC:L/PR:N/UI:N/S:U/C:N/I:N/A:H/E:3.9/RC:R/MAV:A,"","","",HIGH,38,"","","","","","","",""
VulnBank,"Fri, 25 Sep 2026 16:58:30 +0530",spring-boot-2.7.5.jar,C:\WINDOWS\system32\config\systemprofile\.m2\repository\org\springframework\boot\spring-boot\2.7.5\spring-boot-2.7.5.jar,Spring Boot,"Apache License, Version 2.0: https://www.apache.org/licenses/LICENSE-2.0",a7fed1122641f069bc7de65729fa2971,fd04e228e6e21b7ad13c10ae29afd31868d842e5,pkg:maven/org.springframework.boot/spring-boot@2.7.5,cpe:2.3:a:vmware:spring_boot:2.7.5:*:*:*:*:*:*:*,CVE-2023-34055,NVD-CWE-noinfo,"In Spring Boot versions 2.7.0 - 2.7.17, 3.0.0-3.0.12 and 3.1.0-3.1.5, it is possible for a user to provide specially crafted HTTP requests that may cause a denial-of-service (DoS) condition.  Specifically, an application is vulnerable when all of the following are true:    *  the application uses Spring MVC or Spring WebFlux   *  org.springframework.boot:spring-boot-actuator is on the classpath",NVD,"","","",MEDIUM,6.5,CVSS:3.1/AV:N/AC:L/PR:L/UI:N/S:U/C:N/I:N/A:H/E:2.8/RC:R/MAV:A,"","","",HIGH,38,"","","","","","","",""
VulnBank,"Fri, 25 Sep 2026 16:58:30 +0530",spring-boot-starter-thymeleaf-2.7.5.jar,C:\WINDOWS\system32\config\systemprofile\.m2\repository\org\springframework\boot\spring-boot-starter-thymeleaf\2.7.5\spring-boot-starter-thymeleaf-2.7.5.jar,Starter for building MVC web applications using Thymeleaf views,"Apache License, Version 2.0: https://www.apache.org/licenses/LICENSE-2.0",876922e57a3cd824b179f26c5d0fdf9b,d2be8d1d822d988924e0a23c81d795ae5aa288f3,pkg:maven/org.springframework.boot/spring-boot-starter-thymeleaf@2.7.5,"cpe:2.3:a:thymeleaf:thymeleaf:2.7.5:*:*:*:*:*:*:*, cpe:2.3:a:vmware:spring_boot:2.7.5:*:*:*:*:*:*:*",CVE-2023-20873,NVD-CWE-noinfo,"In Spring Boot versions 3.0.0 - 3.0.5, 2.7.0 - 2.7.10, and older unsupported versions, an application that is deployed to Cloud Foundry could be susceptible to a security bypass. Users of affected versions should apply the following mitigation: 3.0.x users should upgrade to 3.0.6+. 2.7.x users should upgrade to 2.7.11+. Users of older, unsupported versions should upgrade to 3.0.6+ or 2.7.11+.",NVD,"","","",CRITICAL,9.8,CVSS:3.1/AV:N/AC:L/PR:N/UI:N/S:U/C:H/I:H/A:H/E:3.9/RC:R/MAV:A,"","","",HIGH,36,"","","","","","","",""
VulnBank,"Fri, 25 Sep 2026 16:58:30 +0530",spring-boot-starter-thymeleaf-2.7.5.jar,C:\WINDOWS\system32\config\systemprofile\.m2\repository\org\springframework\boot\spring-boot-starter-thymeleaf\2.7.5\spring-boot-starter-thymeleaf-2.7.5.jar,Starter for building MVC web applications using Thymeleaf views,"Apache License, Version 2.0: https://www.apache.org/licenses/LICENSE-2.0",876922e57a3cd824b179f26c5d0fdf9b,d2be8d1d822d988924e0a23c81d795ae5aa288f3,pkg:maven/org.springframework.boot/spring-boot-starter-thymeleaf@2.7.5,"cpe:2.3:a:thymeleaf:thymeleaf:2.7.5:*:*:*:*:*:*:*, cpe:2.3:a:vmware:spring_boot:2.7.5:*:*:*:*:*:*:*",CVE-2023-20883,CWE-400 Uncontrolled Resource Consumption,"In Spring Boot versions 3.0.0 - 3.0.6, 2.7.0 - 2.7.11, 2.6.0 - 2.6.14, 2.5.0 - 2.5.14 and older unsupported versions, there is potential for a denial-of-service (DoS) attack if Spring MVC is used together with a reverse proxy cache.",NVD,"","","",HIGH,7.5,CVSS:3.1/AV:N/AC:L/PR:N/UI:N/S:U/C:N/I:N/A:H/E:3.9/RC:R/MAV:A,"","","",HIGH,36,"","","","","","","",""
VulnBank,"Fri, 25 Sep 2026 16:58:30 +0530",spring-boot-starter-thymeleaf-2.7.5.jar,C:\WINDOWS\system32\config\systemprofile\.m2\repository\org\springframework\boot\spring-boot-starter-thymeleaf\2.7.5\spring-boot-starter-thymeleaf-2.7.5.jar,Starter for building MVC web applications using Thymeleaf views,"Apache License, Version 2.0: https://www.apache.org/licenses/LICENSE-2.0",876922e57a3cd824b179f26c5d0fdf9b,d2be8d1d822d988924e0a23c81d795ae5aa288f3,pkg:maven/org.springframework.boot/spring-boot-starter-thymeleaf@2.7.5,"cpe:2.3:a:thymeleaf:thymeleaf:2.7.5:*:*:*:*:*:*:*, cpe:2.3:a:vmware:spring_boot:2.7.5:*:*:*:*:*:*:*",CVE-2023-38286,CWE-77 Improper Neutralization of Special Elements used in a Command ('Command Injection'),"Thymeleaf through 3.1.1.RELEASE, as used in spring-boot-admin (aka Spring Boot Admin) through 3.1.1 and other products, allows sandbox bypass via crafted HTML. This may be relevant for SSTI (Server Side Template Injection) and code execution in spring-boot-admin if MailNotifier is enabled and there is write access to environment variables via the UI.",NVD,"","","",HIGH,7.5,CVSS:3.1/AV:N/AC:H/PR:L/UI:N/S:U/C:H/I:H/A:H/E:1.6/RC:R/MAV:A,"","","",HIGH,36,"","","","","","","",""
VulnBank,"Fri, 25 Sep 2026 16:58:30 +0530",spring-boot-starter-thymeleaf-2.7.5.jar,C:\WINDOWS\system32\config\systemprofile\.m2\repository\org\springframework\boot\spring-boot-starter-thymeleaf\2.7.5\spring-boot-starter-thymeleaf-2.7.5.jar,Starter for building MVC web applications using Thymeleaf views,"Apache License, Version 2.0: https://www.apache.org/licenses/LICENSE-2.0",876922e57a3cd824b179f26c5d0fdf9b,d2be8d1d822d988924e0a23c81d795ae5aa288f3,pkg:maven/org.springframework.boot/spring-boot-starter-thymeleaf@2.7.5,"cpe:2.3:a:thymeleaf:thymeleaf:2.7.5:*:*:*:*:*:*:*, cpe:2.3:a:vmware:spring_boot:2.7.5:*:*:*:*:*:*:*",CVE-2023-34055,NVD-CWE-noinfo,"In Spring Boot versions 2.7.0 - 2.7.17, 3.0.0-3.0.12 and 3.1.0-3.1.5, it is possible for a user to provide specially crafted HTTP requests that may cause a denial-of-service (DoS) condition.  Specifically, an application is vulnerable when all of the following are true:    *  the application uses Spring MVC or Spring WebFlux   *  org.springframework.boot:spring-boot-actuator is on the classpath",NVD,"","","",MEDIUM,6.5,CVSS:3.1/AV:N/AC:L/PR:L/UI:N/S:U/C:N/I:N/A:H/E:2.8/RC:R/MAV:A,"","","",HIGH,36,"","","","","","","",""
VulnBank,"Fri, 25 Sep 2026 16:58:30 +0530",spring-boot-starter-web-2.7.5.jar,C:\WINDOWS\system32\config\systemprofile\.m2\repository\org\springframework\boot\spring-boot-starter-web\2.7.5\spring-boot-starter-web-2.7.5.jar,"Starter for building web, including RESTful, applications using Spring MVC. Uses Tomcat as the default embedded container","Apache License, Version 2.0: https://www.apache.org/licenses/LICENSE-2.0",5cf782727add6bfc7c778162222133e5,bb4099d0466a62c3b11ab9323babca13bb430a2e,pkg:maven/org.springframework.boot/spring-boot-starter-web@2.7.5,"cpe:2.3:a:vmware:spring_boot:2.7.5:*:*:*:*:*:*:*, cpe:2.3:a:web_project:web:2.7.5:*:*:*:*:*:*:*",CVE-2023-20873,NVD-CWE-noinfo,"In Spring Boot versions 3.0.0 - 3.0.5, 2.7.0 - 2.7.10, and older unsupported versions, an application that is deployed to Cloud Foundry could be susceptible to a security bypass. Users of affected versions should apply the following mitigation: 3.0.x users should upgrade to 3.0.6+. 2.7.x users should upgrade to 2.7.11+. Users of older, unsupported versions should upgrade to 3.0.6+ or 2.7.11+.",NVD,"","","",CRITICAL,9.8,CVSS:3.1/AV:N/AC:L/PR:N/UI:N/S:U/C:H/I:H/A:H/E:3.9/RC:R/MAV:A,"","","",HIGH,36,"","","","","","","",""
VulnBank,"Fri, 25 Sep 2026 16:58:30 +0530",spring-boot-starter-web-2.7.5.jar,C:\WINDOWS\system32\config\systemprofile\.m2\repository\org\springframework\boot\spring-boot-starter-web\2.7.5\spring-boot-starter-web-2.7.5.jar,"Starter for building web, including RESTful, applications using Spring MVC. Uses Tomcat as the default embedded container","Apache License, Version 2.0: https://www.apache.org/licenses/LICENSE-2.0",5cf782727add6bfc7c778162222133e5,bb4099d0466a62c3b11ab9323babca13bb430a2e,pkg:maven/org.springframework.boot/spring-boot-starter-web@2.7.5,"cpe:2.3:a:vmware:spring_boot:2.7.5:*:*:*:*:*:*:*, cpe:2.3:a:web_project:web:2.7.5:*:*:*:*:*:*:*",CVE-2023-20883,CWE-400 Uncontrolled Resource Consumption,"In Spring Boot versions 3.0.0 - 3.0.6, 2.7.0 - 2.7.11, 2.6.0 - 2.6.14, 2.5.0 - 2.5.14 and older unsupported versions, there is potential for a denial-of-service (DoS) attack if Spring MVC is used together with a reverse proxy cache.",NVD,"","","",HIGH,7.5,CVSS:3.1/AV:N/AC:L/PR:N/UI:N/S:U/C:N/I:N/A:H/E:3.9/RC:R/MAV:A,"","","",HIGH,36,"","","","","","","",""
VulnBank,"Fri, 25 Sep 2026 16:58:30 +0530",spring-boot-starter-web-2.7.5.jar,C:\WINDOWS\system32\config\systemprofile\.m2\repository\org\springframework\boot\spring-boot-starter-web\2.7.5\spring-boot-starter-web-2.7.5.jar,"Starter for building web, including RESTful, applications using Spring MVC. Uses Tomcat as the default embedded container","Apache License, Version 2.0: https://www.apache.org/licenses/LICENSE-2.0",5cf782727add6bfc7c778162222133e5,bb4099d0466a62c3b11ab9323babca13bb430a2e,pkg:maven/org.springframework.boot/spring-boot-starter-web@2.7.5,"cpe:2.3:a:vmware:spring_boot:2.7.5:*:*:*:*:*:*:*, cpe:2.3:a:web_project:web:2.7.5:*:*:*:*:*:*:*",CVE-2023-34055,NVD-CWE-noinfo,"In Spring Boot versions 2.7.0 - 2.7.17, 3.0.0-3.0.12 and 3.1.0-3.1.5, it is possible for a user to provide specially crafted HTTP requests that may cause a denial-of-service (DoS) condition.  Specifically, an application is vulnerable when all of the following are true:    *  the application uses Spring MVC or Spring WebFlux   *  org.springframework.boot:spring-boot-actuator is on the classpath",NVD,"","","",MEDIUM,6.5,CVSS:3.1/AV:N/AC:L/PR:L/UI:N/S:U/C:N/I:N/A:H/E:2.8/RC:R/MAV:A,"","","",HIGH,36,"","","","","","","",""
VulnBank,"Fri, 25 Sep 2026 16:58:30 +0530",spring-core-5.3.23.jar,C:\WINDOWS\system32\config\systemprofile\.m2\repository\org\springframework\spring-core\5.3.23\spring-core-5.3.23.jar,Spring Core,"Apache License, Version 2.0: https://www.apache.org/licenses/LICENSE-2.0",7586bf5525218f46206bc6fe07e84736,91407dc1106ea423c44150f3da1a0b4f8e25e5ca,pkg:maven/org.springframework/spring-core@5.3.23,"cpe:2.3:a:pivotal_software:spring_framework:5.3.23:*:*:*:*:*:*:*, cpe:2.3:a:springsource:spring_framework:5.3.23:*:*:*:*:*:*:*, cpe:2.3:a:vmware:spring_framework:5.3.23:*:*:*:*:*:*:*",CVE-2024-22259,CWE-601 URL Redirection to Untrusted Site ('Open Redirect'),"Applications that use UriComponentsBuilder in Spring Framework to parse an externally provided URL (e.g. through a query parameter) AND perform validation checks on the host of the parsed URL may be vulnerable to a  open redirect https://cwe.mitre.org/data/definitions/601.html  attack or to a SSRF attack if the URL is used after passing validation checks.  This is the same as  CVE-2024-22243 https://spring.io/security/cve-2024-22243 , but with different input.",NVD,"","","",HIGH,8.1,CVSS:3.1/AV:N/AC:L/PR:N/UI:R/S:U/C:H/I:H/A:N/E:2.8/RC:R/MAV:A,"","","",HIGH,37,"","","","","","","",""
VulnBank,"Fri, 25 Sep 2026 16:58:30 +0530",spring-core-5.3.23.jar,C:\WINDOWS\system32\config\systemprofile\.m2\repository\org\springframework\spring-core\5.3.23\spring-core-5.3.23.jar,Spring Core,"Apache License, Version 2.0: https://www.apache.org/licenses/LICENSE-2.0",7586bf5525218f46206bc6fe07e84736,91407dc1106ea423c44150f3da1a0b4f8e25e5ca,pkg:maven/org.springframework/spring-core@5.3.23,"cpe:2.3:a:pivotal_software:spring_framework:5.3.23:*:*:*:*:*:*:*, cpe:2.3:a:springsource:spring_framework:5.3.23:*:*:*:*:*:*:*, cpe:2.3:a:vmware:spring_framework:5.3.23:*:*:*:*:*:*:*",CVE-2023-20860,NVD-CWE-noinfo,"Spring Framework running version 6.0.0 - 6.0.6 or 5.3.0 - 5.3.25 using ""**"" as a pattern in Spring Security configuration with the mvcRequestMatcher creates a mismatch in pattern matching between Spring Security and Spring MVC, and the potential for a security bypass.",NVD,"","","",HIGH,7.5,CVSS:3.1/AV:N/AC:L/PR:N/UI:N/S:U/C:N/I:H/A:N/E:3.9/RC:R/MAV:A,"","","",HIGH,37,"","","","","","","",""
VulnBank,"Fri, 25 Sep 2026 16:58:30 +0530",spring-core-5.3.23.jar,C:\WINDOWS\system32\config\systemprofile\.m2\repository\org\springframework\spring-core\5.3.23\spring-core-5.3.23.jar,Spring Core,"Apache License, Version 2.0: https://www.apache.org/licenses/LICENSE-2.0",7586bf5525218f46206bc6fe07e84736,91407dc1106ea423c44150f3da1a0b4f8e25e5ca,pkg:maven/org.springframework/spring-core@5.3.23,"cpe:2.3:a:pivotal_software:spring_framework:5.3.23:*:*:*:*:*:*:*, cpe:2.3:a:springsource:spring_framework:5.3.23:*:*:*:*:*:*:*, cpe:2.3:a:vmware:spring_framework:5.3.23:*:*:*:*:*:*:*",CVE-2023-20861,"CWE-400 Uncontrolled Resource Consumption, NVD-CWE-noinfo","In Spring Framework versions 6.0.0 - 6.0.6, 5.3.0 - 5.3.25, 5.2.0.RELEASE - 5.2.22.RELEASE, and older unsupported versions, it is possible for a user to provide a specially crafted SpEL expression that may cause a denial-of-service (DoS) condition.",NVD,"","","",MEDIUM,6.5,CVSS:3.1/AV:N/AC:L/PR:L/UI:N/S:U/C:N/I:N/A:H/E:2.8/RC:R/MAV:A,"","","",HIGH,37,"","","","","","","",""
VulnBank,"Fri, 25 Sep 2026 16:58:30 +0530",spring-core-5.3.23.jar,C:\WINDOWS\system32\config\systemprofile\.m2\repository\org\springframework\spring-core\5.3.23\spring-core-5.3.23.jar,Spring Core,"Apache License, Version 2.0: https://www.apache.org/licenses/LICENSE-2.0",7586bf5525218f46206bc6fe07e84736,91407dc1106ea423c44150f3da1a0b4f8e25e5ca,pkg:maven/org.springframework/spring-core@5.3.23,"cpe:2.3:a:pivotal_software:spring_framework:5.3.23:*:*:*:*:*:*:*, cpe:2.3:a:springsource:spring_framework:5.3.23:*:*:*:*:*:*:*, cpe:2.3:a:vmware:spring_framework:5.3.23:*:*:*:*:*:*:*",CVE-2023-20863,"CWE-400 Uncontrolled Resource Consumption, CWE-917 Improper Neutralization of Special Elements used in an Expression Language Statement ('Expression Language Injection')","In spring framework versions prior to 5.2.24 release+ ,5.3.27+ and 6.0.8+ , it is possible for a user to provide a specially crafted SpEL expression that may cause a denial-of-service (DoS) condition.",NVD,"","","",MEDIUM,6.5,CVSS:3.1/AV:N/AC:L/PR:L/UI:N/S:U/C:N/I:N/A:H/E:2.8/RC:R/MAV:A,"","","",HIGH,37,"","","","","","","",""
VulnBank,"Fri, 25 Sep 2026 16:58:30 +0530",spring-core-5.3.23.jar,C:\WINDOWS\system32\config\systemprofile\.m2\repository\org\springframework\spring-core\5.3.23\spring-core-5.3.23.jar,Spring Core,"Apache License, Version 2.0: https://www.apache.org/licenses/LICENSE-2.0",7586bf5525218f46206bc6fe07e84736,91407dc1106ea423c44150f3da1a0b4f8e25e5ca,pkg:maven/org.springframework/spring-core@5.3.23,"cpe:2.3:a:pivotal_software:spring_framework:5.3.23:*:*:*:*:*:*:*, cpe:2.3:a:springsource:spring_framework:5.3.23:*:*:*:*:*:*:*, cpe:2.3:a:vmware:spring_framework:5.3.23:*:*:*:*:*:*:*",CVE-2024-38820,"NVD-CWE-noinfo, CWE-178 Improper Handling of Case Sensitivity","The fix for CVE-2022-22968 made disallowedFields patterns in DataBinder case insensitive. However, String.toLowerCase() has some Locale dependent exceptions that could potentially result in fields not protected as expected.",NVD,"","","",MEDIUM,5.3,CVSS:3.1/AV:N/AC:L/PR:N/UI:N/S:U/C:N/I:L/A:N/E:3.9/RC:R/MAV:A,"","","",HIGH,37,"","","","","","","",""
VulnBank,"Fri, 25 Sep 2026 16:58:30 +0530",spring-core-5.3.23.jar,C:\WINDOWS\system32\config\systemprofile\.m2\repository\org\springframework\spring-core\5.3.23\spring-core-5.3.23.jar,Spring Core,"Apache License, Version 2.0: https://www.apache.org/licenses/LICENSE-2.0",7586bf5525218f46206bc6fe07e84736,91407dc1106ea423c44150f3da1a0b4f8e25e5ca,pkg:maven/org.springframework/spring-core@5.3.23,"cpe:2.3:a:pivotal_software:spring_framework:5.3.23:*:*:*:*:*:*:*, cpe:2.3:a:springsource:spring_framework:5.3.23:*:*:*:*:*:*:*, cpe:2.3:a:vmware:spring_framework:5.3.23:*:*:*:*:*:*:*",CVE-2024-38808,CWE-770 Allocation of Resources Without Limits or Throttling,"In Spring Framework versions 5.3.0 - 5.3.38 and older unsupported versions, it is possible for a user to provide a specially crafted Spring Expression Language (SpEL) expression that may cause a denial of service (DoS) condition.  Specifically, an application is vulnerable when the following is true:    *  The application evaluates user-supplied SpEL expressions.",NVD,"","","",MEDIUM,4.3,CVSS:3.1/AV:N/AC:L/PR:N/UI:R/S:U/C:N/I:N/A:L/E:2.8/RC:R/MAV:A,"","","",HIGH,37,"","","","","","","",""
VulnBank,"Fri, 25 Sep 2026 16:58:30 +0530",spring-security-core-5.7.4.jar,C:\WINDOWS\system32\config\systemprofile\.m2\repository\org\springframework\security\spring-security-core\5.7.4\spring-security-core-5.7.4.jar,Spring Security,"Apache License, Version 2.0: https://www.apache.org/licenses/LICENSE-2.0",46acfc1cf321c60a0b8f3f8b096ab3f0,7e7d4189d115a053976eaebaa6e979ecf43ff2e9,pkg:maven/org.springframework.security/spring-security-core@5.7.4,"cpe:2.3:a:pivotal_software:spring_security:5.7.4:*:*:*:*:*:*:*, cpe:2.3:a:vmware:spring_security:5.7.4:*:*:*:*:*:*:*",CVE-2022-31692,"CWE-639 Authorization Bypass Through User-Controlled Key, NVD-CWE-noinfo","Spring Security, versions 5.7 prior to 5.7.5 and 5.6 prior to 5.6.9 could be susceptible to authorization rules bypass via forward or include dispatcher types. Specifically, an application is vulnerable when all of the following are true: The application expects that Spring Security applies security to forward and include dispatcher types. The application uses the AuthorizationFilter either manually or via the authorizeHttpRequests() method. The application configures the FilterChainProxy to apply to forward and/or include requests (e.g. spring.security.filter.dispatcher-types = request, error, async, forward, include). The application may forward or include the request to a higher privilege-secured endpoint.The application configures Spring Security to apply to every dispatcher type via authorizeHttpRequests().shouldFilterAllDispatcherTypes(true)",NVD,"","","",CRITICAL,9.8,CVSS:3.1/AV:N/AC:L/PR:N/UI:N/S:U/C:H/I:H/A:H/E:3.9/RC:R/MAV:A,"","","",HIGH,38,"","","","","","","",""
VulnBank,"Fri, 25 Sep 2026 16:58:30 +0530",spring-security-core-5.7.4.jar,C:\WINDOWS\system32\config\systemprofile\.m2\repository\org\springframework\security\spring-security-core\5.7.4\spring-security-core-5.7.4.jar,Spring Security,"Apache License, Version 2.0: https://www.apache.org/licenses/LICENSE-2.0",46acfc1cf321c60a0b8f3f8b096ab3f0,7e7d4189d115a053976eaebaa6e979ecf43ff2e9,pkg:maven/org.springframework.security/spring-security-core@5.7.4,"cpe:2.3:a:pivotal_software:spring_security:5.7.4:*:*:*:*:*:*:*, cpe:2.3:a:vmware:spring_security:5.7.4:*:*:*:*:*:*:*",CVE-2023-34034,"CWE-281 Improper Preservation of Permissions, NVD-CWE-noinfo","Using ""**"" as a pattern in Spring Security configuration  for WebFlux creates a mismatch in pattern matching between Spring  Security and Spring WebFlux, and the potential for a security bypass.",NVD,"","","",CRITICAL,9.8,CVSS:3.1/AV:N/AC:L/PR:N/UI:N/S:U/C:H/I:H/A:H/E:3.9/RC:R/MAV:A,"","","",HIGH,38,"","","","","","","",""
VulnBank,"Fri, 25 Sep 2026 16:58:30 +0530",spring-security-core-5.7.4.jar,C:\WINDOWS\system32\config\systemprofile\.m2\repository\org\springframework\security\spring-security-core\5.7.4\spring-security-core-5.7.4.jar,Spring Security,"Apache License, Version 2.0: https://www.apache.org/licenses/LICENSE-2.0",46acfc1cf321c60a0b8f3f8b096ab3f0,7e7d4189d115a053976eaebaa6e979ecf43ff2e9,pkg:maven/org.springframework.security/spring-security-core@5.7.4,"cpe:2.3:a:pivotal_software:spring_security:5.7.4:*:*:*:*:*:*:*, cpe:2.3:a:vmware:spring_security:5.7.4:*:*:*:*:*:*:*",CVE-2022-31690,NVD-CWE-noinfo,"Spring Security, versions 5.7 prior to 5.7.5, and 5.6 prior to 5.6.9, and older unsupported versions could be susceptible to a privilege escalation under certain conditions. A malicious user or attacker can modify a request initiated by the Client (via the browser) to the Authorization Server which can lead to a privilege escalation on the subsequent approval. This scenario can happen if the Authorization Server responds with an OAuth2 Access Token Response containing an empty scope list (per RFC 6749, Section 5.1) on the subsequent request to the token endpoint to obtain the access token.",NVD,"","","",HIGH,8.1,CVSS:3.1/AV:N/AC:H/PR:N/UI:N/S:U/C:H/I:H/A:H/E:2.2/RC:R/MAV:A,"","","",HIGH,38,"","","","","","","",""
VulnBank,"Fri, 25 Sep 2026 16:58:30 +0530",spring-security-core-5.7.4.jar,C:\WINDOWS\system32\config\systemprofile\.m2\repository\org\springframework\security\spring-security-core\5.7.4\spring-security-core-5.7.4.jar,Spring Security,"Apache License, Version 2.0: https://www.apache.org/licenses/LICENSE-2.0",46acfc1cf321c60a0b8f3f8b096ab3f0,7e7d4189d115a053976eaebaa6e979ecf43ff2e9,pkg:maven/org.springframework.security/spring-security-core@5.7.4,"cpe:2.3:a:pivotal_software:spring_security:5.7.4:*:*:*:*:*:*:*, cpe:2.3:a:vmware:spring_security:5.7.4:*:*:*:*:*:*:*",CVE-2023-20862,CWE-459 Incomplete Cleanup,"In Spring Security, versions 5.7.x prior to 5.7.8, versions 5.8.x prior to 5.8.3, and versions 6.0.x prior to 6.0.3, the logout support does not properly clean the security context if using serialized versions. Additionally, it is not possible to explicitly save an empty security context to the HttpSessionSecurityContextRepository. This vulnerability can keep users authenticated even after they performed logout. Users of affected versions should apply the following mitigation. 5.7.x users should upgrade to 5.7.8. 5.8.x users should upgrade to 5.8.3. 6.0.x users should upgrade to 6.0.3.",NVD,"","","",MEDIUM,6.3,CVSS:3.1/AV:N/AC:L/PR:L/UI:N/S:U/C:L/I:L/A:L/E:2.8/RC:R/MAV:A,"","","",HIGH,38,"","","","","","","",""
VulnBank,"Fri, 25 Sep 2026 16:58:30 +0530",spring-security-web-5.7.4.jar,C:\WINDOWS\system32\config\systemprofile\.m2\repository\org\springframework\security\spring-security-web\5.7.4\spring-security-web-5.7.4.jar,Spring Security,"Apache License, Version 2.0: https://www.apache.org/licenses/LICENSE-2.0",77532c6633458d09c4137ca098f2d530,9e89534c6b9ddbbbda692e83e894c1ca0a8c9266,pkg:maven/org.springframework.security/spring-security-web@5.7.4,"cpe:2.3:a:pivotal_software:spring_security:5.7.4:*:*:*:*:*:*:*, cpe:2.3:a:vmware:spring_security:5.7.4:*:*:*:*:*:*:*, cpe:2.3:a:web_project:web:5.7.4:*:*:*:*:*:*:*",CVE-2022-31692,"CWE-639 Authorization Bypass Through User-Controlled Key, NVD-CWE-noinfo","Spring Security, versions 5.7 prior to 5.7.5 and 5.6 prior to 5.6.9 could be susceptible to authorization rules bypass via forward or include dispatcher types. Specifically, an application is vulnerable when all of the following are true: The application expects that Spring Security applies security to forward and include dispatcher types. The application uses the AuthorizationFilter either manually or via the authorizeHttpRequests() method. The application configures the FilterChainProxy to apply to forward and/or include requests (e.g. spring.security.filter.dispatcher-types = request, error, async, forward, include). The application may forward or include the request to a higher privilege-secured endpoint.The application configures Spring Security to apply to every dispatcher type via authorizeHttpRequests().shouldFilterAllDispatcherTypes(true)",NVD,"","","",CRITICAL,9.8,CVSS:3.1/AV:N/AC:L/PR:N/UI:N/S:U/C:H/I:H/A:H/E:3.9/RC:R/MAV:A,"","","",HIGH,38,"","","","","","","",""
VulnBank,"Fri, 25 Sep 2026 16:58:30 +0530",spring-security-web-5.7.4.jar,C:\WINDOWS\system32\config\systemprofile\.m2\repository\org\springframework\security\spring-security-web\5.7.4\spring-security-web-5.7.4.jar,Spring Security,"Apache License, Version 2.0: https://www.apache.org/licenses/LICENSE-2.0",77532c6633458d09c4137ca098f2d530,9e89534c6b9ddbbbda692e83e894c1ca0a8c9266,pkg:maven/org.springframework.security/spring-security-web@5.7.4,"cpe:2.3:a:pivotal_software:spring_security:5.7.4:*:*:*:*:*:*:*, cpe:2.3:a:vmware:spring_security:5.7.4:*:*:*:*:*:*:*, cpe:2.3:a:web_project:web:5.7.4:*:*:*:*:*:*:*",CVE-2023-34034,"CWE-281 Improper Preservation of Permissions, NVD-CWE-noinfo","Using ""**"" as a pattern in Spring Security configuration  for WebFlux creates a mismatch in pattern matching between Spring  Security and Spring WebFlux, and the potential for a security bypass.",NVD,"","","",CRITICAL,9.8,CVSS:3.1/AV:N/AC:L/PR:N/UI:N/S:U/C:H/I:H/A:H/E:3.9/RC:R/MAV:A,"","","",HIGH,38,"","","","","","","",""
VulnBank,"Fri, 25 Sep 2026 16:58:30 +0530",spring-security-web-5.7.4.jar,C:\WINDOWS\system32\config\systemprofile\.m2\repository\org\springframework\security\spring-security-web\5.7.4\spring-security-web-5.7.4.jar,Spring Security,"Apache License, Version 2.0: https://www.apache.org/licenses/LICENSE-2.0",77532c6633458d09c4137ca098f2d530,9e89534c6b9ddbbbda692e83e894c1ca0a8c9266,pkg:maven/org.springframework.security/spring-security-web@5.7.4,"cpe:2.3:a:pivotal_software:spring_security:5.7.4:*:*:*:*:*:*:*, cpe:2.3:a:vmware:spring_security:5.7.4:*:*:*:*:*:*:*, cpe:2.3:a:web_project:web:5.7.4:*:*:*:*:*:*:*",CVE-2022-31690,NVD-CWE-noinfo,"Spring Security, versions 5.7 prior to 5.7.5, and 5.6 prior to 5.6.9, and older unsupported versions could be susceptible to a privilege escalation under certain conditions. A malicious user or attacker can modify a request initiated by the Client (via the browser) to the Authorization Server which can lead to a privilege escalation on the subsequent approval. This scenario can happen if the Authorization Server responds with an OAuth2 Access Token Response containing an empty scope list (per RFC 6749, Section 5.1) on the subsequent request to the token endpoint to obtain the access token.",NVD,"","","",HIGH,8.1,CVSS:3.1/AV:N/AC:H/PR:N/UI:N/S:U/C:H/I:H/A:H/E:2.2/RC:R/MAV:A,"","","",HIGH,38,"","","","","","","",""
VulnBank,"Fri, 25 Sep 2026 16:58:30 +0530",spring-security-web-5.7.4.jar,C:\WINDOWS\system32\config\systemprofile\.m2\repository\org\springframework\security\spring-security-web\5.7.4\spring-security-web-5.7.4.jar,Spring Security,"Apache License, Version 2.0: https://www.apache.org/licenses/LICENSE-2.0",77532c6633458d09c4137ca098f2d530,9e89534c6b9ddbbbda692e83e894c1ca0a8c9266,pkg:maven/org.springframework.security/spring-security-web@5.7.4,"cpe:2.3:a:pivotal_software:spring_security:5.7.4:*:*:*:*:*:*:*, cpe:2.3:a:vmware:spring_security:5.7.4:*:*:*:*:*:*:*, cpe:2.3:a:web_project:web:5.7.4:*:*:*:*:*:*:*",CVE-2023-20862,CWE-459 Incomplete Cleanup,"In Spring Security, versions 5.7.x prior to 5.7.8, versions 5.8.x prior to 5.8.3, and versions 6.0.x prior to 6.0.3, the logout support does not properly clean the security context if using serialized versions. Additionally, it is not possible to explicitly save an empty security context to the HttpSessionSecurityContextRepository. This vulnerability can keep users authenticated even after they performed logout. Users of affected versions should apply the following mitigation. 5.7.x users should upgrade to 5.7.8. 5.8.x users should upgrade to 5.8.3. 6.0.x users should upgrade to 6.0.3.",NVD,"","","",MEDIUM,6.3,CVSS:3.1/AV:N/AC:L/PR:L/UI:N/S:U/C:L/I:L/A:L/E:2.8/RC:R/MAV:A,"","","",HIGH,38,"","","","","","","",""
VulnBank,"Fri, 25 Sep 2026 16:58:30 +0530",spring-web-5.3.23.jar,C:\WINDOWS\system32\config\systemprofile\.m2\repository\org\springframework\spring-web\5.3.23\spring-web-5.3.23.jar,Spring Web,"Apache License, Version 2.0: https://www.apache.org/licenses/LICENSE-2.0",19c1f44c123f1bed8e36816f64c873ae,0193f5276092d9cbe3222c63885b47ca7b2cce97,pkg:maven/org.springframework/spring-web@5.3.23,"cpe:2.3:a:pivotal_software:spring_framework:5.3.23:*:*:*:*:*:*:*, cpe:2.3:a:springsource:spring_framework:5.3.23:*:*:*:*:*:*:*, cpe:2.3:a:vmware:spring_framework:5.3.23:*:*:*:*:*:*:*, cpe:2.3:a:web_project:web:5.3.23:*:*:*:*:*:*:*",CVE-2016-1000027,CWE-502 Deserialization of Untrusted Data,"Pivotal Spring Framework through 5.3.16 suffers from a potential remote code execution (RCE) issue if used for Java deserialization of untrusted data. Depending on how the library is implemented within a product, this issue may or not occur, and authentication may be required. NOTE: the vendor's position is that untrusted data is not an intended use case. The product's behavior will not be changed because some users rely on deserialization of trusted data.",NVD,HIGH,7.5,/AV:N/AC:L/Au:N/C:P/I:P/A:P,CRITICAL,9.8,CVSS:3.1/AV:N/AC:L/PR:N/UI:N/S:U/C:H/I:H/A:H/E:3.9/RC:R/MAV:A,"","","",HIGH,35,"","","","","","","",""
VulnBank,"Fri, 25 Sep 2026 16:58:30 +0530",spring-web-5.3.23.jar,C:\WINDOWS\system32\config\systemprofile\.m2\repository\org\springframework\spring-web\5.3.23\spring-web-5.3.23.jar,Spring Web,"Apache License, Version 2.0: https://www.apache.org/licenses/LICENSE-2.0",19c1f44c123f1bed8e36816f64c873ae,0193f5276092d9cbe3222c63885b47ca7b2cce97,pkg:maven/org.springframework/spring-web@5.3.23,"cpe:2.3:a:pivotal_software:spring_framework:5.3.23:*:*:*:*:*:*:*, cpe:2.3:a:springsource:spring_framework:5.3.23:*:*:*:*:*:*:*, cpe:2.3:a:vmware:spring_framework:5.3.23:*:*:*:*:*:*:*, cpe:2.3:a:web_project:web:5.3.23:*:*:*:*:*:*:*",CVE-2024-22259,CWE-601 URL Redirection to Untrusted Site ('Open Redirect'),"Applications that use UriComponentsBuilder in Spring Framework to parse an externally provided URL (e.g. through a query parameter) AND perform validation checks on the host of the parsed URL may be vulnerable to a  open redirect https://cwe.mitre.org/data/definitions/601.html  attack or to a SSRF attack if the URL is used after passing validation checks.  This is the same as  CVE-2024-22243 https://spring.io/security/cve-2024-22243 , but with different input.",NVD,"","","",HIGH,8.1,CVSS:3.1/AV:N/AC:L/PR:N/UI:R/S:U/C:H/I:H/A:N/E:2.8/RC:R/MAV:A,"","","",HIGH,35,"","","","","","","",""
VulnBank,"Fri, 25 Sep 2026 16:58:30 +0530",spring-web-5.3.23.jar,C:\WINDOWS\system32\config\systemprofile\.m2\repository\org\springframework\spring-web\5.3.23\spring-web-5.3.23.jar,Spring Web,"Apache License, Version 2.0: https://www.apache.org/licenses/LICENSE-2.0",19c1f44c123f1bed8e36816f64c873ae,0193f5276092d9cbe3222c63885b47ca7b2cce97,pkg:maven/org.springframework/spring-web@5.3.23,"cpe:2.3:a:pivotal_software:spring_framework:5.3.23:*:*:*:*:*:*:*, cpe:2.3:a:springsource:spring_framework:5.3.23:*:*:*:*:*:*:*, cpe:2.3:a:vmware:spring_framework:5.3.23:*:*:*:*:*:*:*, cpe:2.3:a:web_project:web:5.3.23:*:*:*:*:*:*:*",CVE-2023-20860,NVD-CWE-noinfo,"Spring Framework running version 6.0.0 - 6.0.6 or 5.3.0 - 5.3.25 using ""**"" as a pattern in Spring Security configuration with the mvcRequestMatcher creates a mismatch in pattern matching between Spring Security and Spring MVC, and the potential for a security bypass.",NVD,"","","",HIGH,7.5,CVSS:3.1/AV:N/AC:L/PR:N/UI:N/S:U/C:N/I:H/A:N/E:3.9/RC:R/MAV:A,"","","",HIGH,35,"","","","","","","",""
VulnBank,"Fri, 25 Sep 2026 16:58:30 +0530",spring-web-5.3.23.jar,C:\WINDOWS\system32\config\systemprofile\.m2\repository\org\springframework\spring-web\5.3.23\spring-web-5.3.23.jar,Spring Web,"Apache License, Version 2.0: https://www.apache.org/licenses/LICENSE-2.0",19c1f44c123f1bed8e36816f64c873ae,0193f5276092d9cbe3222c63885b47ca7b2cce97,pkg:maven/org.springframework/spring-web@5.3.23,"cpe:2.3:a:pivotal_software:spring_framework:5.3.23:*:*:*:*:*:*:*, cpe:2.3:a:springsource:spring_framework:5.3.23:*:*:*:*:*:*:*, cpe:2.3:a:vmware:spring_framework:5.3.23:*:*:*:*:*:*:*, cpe:2.3:a:web_project:web:5.3.23:*:*:*:*:*:*:*",CVE-2023-20861,"CWE-400 Uncontrolled Resource Consumption, NVD-CWE-noinfo","In Spring Framework versions 6.0.0 - 6.0.6, 5.3.0 - 5.3.25, 5.2.0.RELEASE - 5.2.22.RELEASE, and older unsupported versions, it is possible for a user to provide a specially crafted SpEL expression that may cause a denial-of-service (DoS) condition.",NVD,"","","",MEDIUM,6.5,CVSS:3.1/AV:N/AC:L/PR:L/UI:N/S:U/C:N/I:N/A:H/E:2.8/RC:R/MAV:A,"","","",HIGH,35,"","","","","","","",""
VulnBank,"Fri, 25 Sep 2026 16:58:30 +0530",spring-web-5.3.23.jar,C:\WINDOWS\system32\config\systemprofile\.m2\repository\org\springframework\spring-web\5.3.23\spring-web-5.3.23.jar,Spring Web,"Apache License, Version 2.0: https://www.apache.org/licenses/LICENSE-2.0",19c1f44c123f1bed8e36816f64c873ae,0193f5276092d9cbe3222c63885b47ca7b2cce97,pkg:maven/org.springframework/spring-web@5.3.23,"cpe:2.3:a:pivotal_software:spring_framework:5.3.23:*:*:*:*:*:*:*, cpe:2.3:a:springsource:spring_framework:5.3.23:*:*:*:*:*:*:*, cpe:2.3:a:vmware:spring_framework:5.3.23:*:*:*:*:*:*:*, cpe:2.3:a:web_project:web:5.3.23:*:*:*:*:*:*:*",CVE-2023-20863,"CWE-400 Uncontrolled Resource Consumption, CWE-917 Improper Neutralization of Special Elements used in an Expression Language Statement ('Expression Language Injection')","In spring framework versions prior to 5.2.24 release+ ,5.3.27+ and 6.0.8+ , it is possible for a user to provide a specially crafted SpEL expression that may cause a denial-of-service (DoS) condition.",NVD,"","","",MEDIUM,6.5,CVSS:3.1/AV:N/AC:L/PR:L/UI:N/S:U/C:N/I:N/A:H/E:2.8/RC:R/MAV:A,"","","",HIGH,35,"","","","","","","",""
VulnBank,"Fri, 25 Sep 2026 16:58:30 +0530",spring-web-5.3.23.jar,C:\WINDOWS\system32\config\systemprofile\.m2\repository\org\springframework\spring-web\5.3.23\spring-web-5.3.23.jar,Spring Web,"Apache License, Version 2.0: https://www.apache.org/licenses/LICENSE-2.0",19c1f44c123f1bed8e36816f64c873ae,0193f5276092d9cbe3222c63885b47ca7b2cce97,pkg:maven/org.springframework/spring-web@5.3.23,"cpe:2.3:a:pivotal_software:spring_framework:5.3.23:*:*:*:*:*:*:*, cpe:2.3:a:springsource:spring_framework:5.3.23:*:*:*:*:*:*:*, cpe:2.3:a:vmware:spring_framework:5.3.23:*:*:*:*:*:*:*, cpe:2.3:a:web_project:web:5.3.23:*:*:*:*:*:*:*",CVE-2024-38820,"NVD-CWE-noinfo, CWE-178 Improper Handling of Case Sensitivity","The fix for CVE-2022-22968 made disallowedFields patterns in DataBinder case insensitive. However, String.toLowerCase() has some Locale dependent exceptions that could potentially result in fields not protected as expected.",NVD,"","","",MEDIUM,5.3,CVSS:3.1/AV:N/AC:L/PR:N/UI:N/S:U/C:N/I:L/A:N/E:3.9/RC:R/MAV:A,"","","",HIGH,35,"","","","","","","",""
VulnBank,"Fri, 25 Sep 2026 16:58:30 +0530",spring-web-5.3.23.jar,C:\WINDOWS\system32\config\systemprofile\.m2\repository\org\springframework\spring-web\5.3.23\spring-web-5.3.23.jar,Spring Web,"Apache License, Version 2.0: https://www.apache.org/licenses/LICENSE-2.0",19c1f44c123f1bed8e36816f64c873ae,0193f5276092d9cbe3222c63885b47ca7b2cce97,pkg:maven/org.springframework/spring-web@5.3.23,"cpe:2.3:a:pivotal_software:spring_framework:5.3.23:*:*:*:*:*:*:*, cpe:2.3:a:springsource:spring_framework:5.3.23:*:*:*:*:*:*:*, cpe:2.3:a:vmware:spring_framework:5.3.23:*:*:*:*:*:*:*, cpe:2.3:a:web_project:web:5.3.23:*:*:*:*:*:*:*",CVE-2024-38808,CWE-770 Allocation of Resources Without Limits or Throttling,"In Spring Framework versions 5.3.0 - 5.3.38 and older unsupported versions, it is possible for a user to provide a specially crafted Spring Expression Language (SpEL) expression that may cause a denial of service (DoS) condition.  Specifically, an application is vulnerable when the following is true:    *  The application evaluates user-supplied SpEL expressions.",NVD,"","","",MEDIUM,4.3,CVSS:3.1/AV:N/AC:L/PR:N/UI:R/S:U/C:N/I:N/A:L/E:2.8/RC:R/MAV:A,"","","",HIGH,35,"","","","","","","",""
VulnBank,"Fri, 25 Sep 2026 16:58:30 +0530",spring-webmvc-5.3.23.jar,C:\WINDOWS\system32\config\systemprofile\.m2\repository\org\springframework\spring-webmvc\5.3.23\spring-webmvc-5.3.23.jar,Spring Web MVC,"Apache License, Version 2.0: https://www.apache.org/licenses/LICENSE-2.0",4085c2870c380281c38dc9a9a340910a,b163527c275b0374371890c0b76c2a2a09f9804b,pkg:maven/org.springframework/spring-webmvc@5.3.23,"cpe:2.3:a:pivotal_software:spring_framework:5.3.23:*:*:*:*:*:*:*, cpe:2.3:a:springsource:spring_framework:5.3.23:*:*:*:*:*:*:*, cpe:2.3:a:vmware:spring_framework:5.3.23:*:*:*:*:*:*:*, cpe:2.3:a:web_project:web:5.3.23:*:*:*:*:*:*:*",CVE-2024-22259,CWE-601 URL Redirection to Untrusted Site ('Open Redirect'),"Applications that use UriComponentsBuilder in Spring Framework to parse an externally provided URL (e.g. through a query parameter) AND perform validation checks on the host of the parsed URL may be vulnerable to a  open redirect https://cwe.mitre.org/data/definitions/601.html  attack or to a SSRF attack if the URL is used after passing validation checks.  This is the same as  CVE-2024-22243 https://spring.io/security/cve-2024-22243 , but with different input.",NVD,"","","",HIGH,8.1,CVSS:3.1/AV:N/AC:L/PR:N/UI:R/S:U/C:H/I:H/A:N/E:2.8/RC:R/MAV:A,"","","",HIGH,37,"","","","","","","",""
VulnBank,"Fri, 25 Sep 2026 16:58:30 +0530",spring-webmvc-5.3.23.jar,C:\WINDOWS\system32\config\systemprofile\.m2\repository\org\springframework\spring-webmvc\5.3.23\spring-webmvc-5.3.23.jar,Spring Web MVC,"Apache License, Version 2.0: https://www.apache.org/licenses/LICENSE-2.0",4085c2870c380281c38dc9a9a340910a,b163527c275b0374371890c0b76c2a2a09f9804b,pkg:maven/org.springframework/spring-webmvc@5.3.23,"cpe:2.3:a:pivotal_software:spring_framework:5.3.23:*:*:*:*:*:*:*, cpe:2.3:a:springsource:spring_framework:5.3.23:*:*:*:*:*:*:*, cpe:2.3:a:vmware:spring_framework:5.3.23:*:*:*:*:*:*:*, cpe:2.3:a:web_project:web:5.3.23:*:*:*:*:*:*:*",CVE-2023-20860,NVD-CWE-noinfo,"Spring Framework running version 6.0.0 - 6.0.6 or 5.3.0 - 5.3.25 using ""**"" as a pattern in Spring Security configuration with the mvcRequestMatcher creates a mismatch in pattern matching between Spring Security and Spring MVC, and the potential for a security bypass.",NVD,"","","",HIGH,7.5,CVSS:3.1/AV:N/AC:L/PR:N/UI:N/S:U/C:N/I:H/A:N/E:3.9/RC:R/MAV:A,"","","",HIGH,37,"","","","","","","",""
VulnBank,"Fri, 25 Sep 2026 16:58:30 +0530",spring-webmvc-5.3.23.jar,C:\WINDOWS\system32\config\systemprofile\.m2\repository\org\springframework\spring-webmvc\5.3.23\spring-webmvc-5.3.23.jar,Spring Web MVC,"Apache License, Version 2.0: https://www.apache.org/licenses/LICENSE-2.0",4085c2870c380281c38dc9a9a340910a,b163527c275b0374371890c0b76c2a2a09f9804b,pkg:maven/org.springframework/spring-webmvc@5.3.23,"cpe:2.3:a:pivotal_software:spring_framework:5.3.23:*:*:*:*:*:*:*, cpe:2.3:a:springsource:spring_framework:5.3.23:*:*:*:*:*:*:*, cpe:2.3:a:vmware:spring_framework:5.3.23:*:*:*:*:*:*:*, cpe:2.3:a:web_project:web:5.3.23:*:*:*:*:*:*:*",CVE-2023-20861,"CWE-400 Uncontrolled Resource Consumption, NVD-CWE-noinfo","In Spring Framework versions 6.0.0 - 6.0.6, 5.3.0 - 5.3.25, 5.2.0.RELEASE - 5.2.22.RELEASE, and older unsupported versions, it is possible for a user to provide a specially crafted SpEL expression that may cause a denial-of-service (DoS) condition.",NVD,"","","",MEDIUM,6.5,CVSS:3.1/AV:N/AC:L/PR:L/UI:N/S:U/C:N/I:N/A:H/E:2.8/RC:R/MAV:A,"","","",HIGH,37,"","","","","","","",""
VulnBank,"Fri, 25 Sep 2026 16:58:30 +0530",spring-webmvc-5.3.23.jar,C:\WINDOWS\system32\config\systemprofile\.m2\repository\org\springframework\spring-webmvc\5.3.23\spring-webmvc-5.3.23.jar,Spring Web MVC,"Apache License, Version 2.0: https://www.apache.org/licenses/LICENSE-2.0",4085c2870c380281c38dc9a9a340910a,b163527c275b0374371890c0b76c2a2a09f9804b,pkg:maven/org.springframework/spring-webmvc@5.3.23,"cpe:2.3:a:pivotal_software:spring_framework:5.3.23:*:*:*:*:*:*:*, cpe:2.3:a:springsource:spring_framework:5.3.23:*:*:*:*:*:*:*, cpe:2.3:a:vmware:spring_framework:5.3.23:*:*:*:*:*:*:*, cpe:2.3:a:web_project:web:5.3.23:*:*:*:*:*:*:*",CVE-2023-20863,"CWE-400 Uncontrolled Resource Consumption, CWE-917 Improper Neutralization of Special Elements used in an Expression Language Statement ('Expression Language Injection')","In spring framework versions prior to 5.2.24 release+ ,5.3.27+ and 6.0.8+ , it is possible for a user to provide a specially crafted SpEL expression that may cause a denial-of-service (DoS) condition.",NVD,"","","",MEDIUM,6.5,CVSS:3.1/AV:N/AC:L/PR:L/UI:N/S:U/C:N/I:N/A:H/E:2.8/RC:R/MAV:A,"","","",HIGH,37,"","","","","","","",""
VulnBank,"Fri, 25 Sep 2026 16:58:30 +0530",spring-webmvc-5.3.23.jar,C:\WINDOWS\system32\config\systemprofile\.m2\repository\org\springframework\spring-webmvc\5.3.23\spring-webmvc-5.3.23.jar,Spring Web MVC,"Apache License, Version 2.0: https://www.apache.org/licenses/LICENSE-2.0",4085c2870c380281c38dc9a9a340910a,b163527c275b0374371890c0b76c2a2a09f9804b,pkg:maven/org.springframework/spring-webmvc@5.3.23,"cpe:2.3:a:pivotal_software:spring_framework:5.3.23:*:*:*:*:*:*:*, cpe:2.3:a:springsource:spring_framework:5.3.23:*:*:*:*:*:*:*, cpe:2.3:a:vmware:spring_framework:5.3.23:*:*:*:*:*:*:*, cpe:2.3:a:web_project:web:5.3.23:*:*:*:*:*:*:*",CVE-2024-38820,"NVD-CWE-noinfo, CWE-178 Improper Handling of Case Sensitivity","The fix for CVE-2022-22968 made disallowedFields patterns in DataBinder case insensitive. However, String.toLowerCase() has some Locale dependent exceptions that could potentially result in fields not protected as expected.",NVD,"","","",MEDIUM,5.3,CVSS:3.1/AV:N/AC:L/PR:N/UI:N/S:U/C:N/I:L/A:N/E:3.9/RC:R/MAV:A,"","","",HIGH,37,"","","","","","","",""
VulnBank,"Fri, 25 Sep 2026 16:58:30 +0530",spring-webmvc-5.3.23.jar,C:\WINDOWS\system32\config\systemprofile\.m2\repository\org\springframework\spring-webmvc\5.3.23\spring-webmvc-5.3.23.jar,Spring Web MVC,"Apache License, Version 2.0: https://www.apache.org/licenses/LICENSE-2.0",4085c2870c380281c38dc9a9a340910a,b163527c275b0374371890c0b76c2a2a09f9804b,pkg:maven/org.springframework/spring-webmvc@5.3.23,"cpe:2.3:a:pivotal_software:spring_framework:5.3.23:*:*:*:*:*:*:*, cpe:2.3:a:springsource:spring_framework:5.3.23:*:*:*:*:*:*:*, cpe:2.3:a:vmware:spring_framework:5.3.23:*:*:*:*:*:*:*, cpe:2.3:a:web_project:web:5.3.23:*:*:*:*:*:*:*",CVE-2024-38808,CWE-770 Allocation of Resources Without Limits or Throttling,"In Spring Framework versions 5.3.0 - 5.3.38 and older unsupported versions, it is possible for a user to provide a specially crafted Spring Expression Language (SpEL) expression that may cause a denial of service (DoS) condition.  Specifically, an application is vulnerable when the following is true:    *  The application evaluates user-supplied SpEL expressions.",NVD,"","","",MEDIUM,4.3,CVSS:3.1/AV:N/AC:L/PR:N/UI:R/S:U/C:N/I:N/A:L/E:2.8/RC:R/MAV:A,"","","",HIGH,37,"","","","","","","",""
VulnBank,"Fri, 25 Sep 2026 16:58:30 +0530",thymeleaf-3.0.15.RELEASE.jar,C:\WINDOWS\system32\config\systemprofile\.m2\repository\org\thymeleaf\thymeleaf\3.0.15.RELEASE\thymeleaf-3.0.15.RELEASE.jar,Modern server-side Java template engine for both web and standalone environments,"The Apache Software License, Version 2.0: http://www.apache.org/licenses/LICENSE-2.0.txt",60c7ebe364a6b704ddf0348476a438ea,13e3296a03d8a597b734d832ed8656139bf9cdd8,pkg:maven/org.thymeleaf/thymeleaf@3.0.15.RELEASE,cpe:2.3:a:thymeleaf:thymeleaf:3.0.15:release:*:*:*:*:*:*,CVE-2023-38286,CWE-77 Improper Neutralization of Special Elements used in a Command ('Command Injection'),"Thymeleaf through 3.1.1.RELEASE, as used in spring-boot-admin (aka Spring Boot Admin) through 3.1.1 and other products, allows sandbox bypass via crafted HTML. This may be relevant for SSTI (Server Side Template Injection) and code execution in spring-boot-admin if MailNotifier is enabled and there is write access to environment variables via the UI.",NVD,"","","",HIGH,7.5,CVSS:3.1/AV:N/AC:H/PR:L/UI:N/S:U/C:H/I:H/A:H/E:1.6/RC:R/MAV:A,"","","",HIGH,47,"","","","","","","",""
VulnBank,"Fri, 25 Sep 2026 16:58:30 +0530",tomcat-embed-core-9.0.68.jar,C:\WINDOWS\system32\config\systemprofile\.m2\repository\org\apache\tomcat\embed\tomcat-embed-core\9.0.68\tomcat-embed-core-9.0.68.jar,Core Tomcat implementation,"Apache License, Version 2.0: http://www.apache.org/licenses/LICENSE-2.0.txt",e623e590ec70239dd4379c7729823034,caafeb87d6ff30adda888049c9b81591c7cc20d1,pkg:maven/org.apache.tomcat.embed/tomcat-embed-core@9.0.68,"cpe:2.3:a:apache:tomcat:9.0.68:*:*:*:*:*:*:*, cpe:2.3:a:apache_tomcat:apache_tomcat:9.0.68:*:*:*:*:*:*:*",CVE-2024-52316,"CWE-754 Improper Check for Unusual or Exceptional Conditions, CWE-391 Unchecked Error Condition","Unchecked Error Condition vulnerability in Apache Tomcat. If Tomcat is configured to use a custom Jakarta Authentication (formerly JASPIC) ServerAuthContext component which may throw an exception during the authentication process without explicitly setting an HTTP status to indicate failure, the authentication may not fail, allowing the user to bypass the authentication process. There are no known Jakarta Authentication components that behave in this way.  This issue affects Apache Tomcat: from 11.0.0-M1 through 11.0.0-M26, from 10.1.0-M1 through 10.1.30, from 9.0.0-M1 through 9.0.95.  Users are recommended to upgrade to version 11.0.0, 10.1.31 or 9.0.96, which fix the issue.",NVD,"","","",CRITICAL,9.8,CVSS:3.1/AV:N/AC:L/PR:N/UI:N/S:U/C:H/I:H/A:H/E:3.9/RC:R/MAV:A,"","","",HIGH,65,"","","","","","","",""
VulnBank,"Fri, 25 Sep 2026 16:58:30 +0530",tomcat-embed-core-9.0.68.jar,C:\WINDOWS\system32\config\systemprofile\.m2\repository\org\apache\tomcat\embed\tomcat-embed-core\9.0.68\tomcat-embed-core-9.0.68.jar,Core Tomcat implementation,"Apache License, Version 2.0: http://www.apache.org/licenses/LICENSE-2.0.txt",e623e590ec70239dd4379c7729823034,caafeb87d6ff30adda888049c9b81591c7cc20d1,pkg:maven/org.apache.tomcat.embed/tomcat-embed-core@9.0.68,"cpe:2.3:a:apache:tomcat:9.0.68:*:*:*:*:*:*:*, cpe:2.3:a:apache_tomcat:apache_tomcat:9.0.68:*:*:*:*:*:*:*",CVE-2025-24813,"CWE-44 Path Equivalence: 'file.name' (Internal Dot), CWE-502 Deserialization of Untrusted Data, CWE-706 Use of Incorrectly-Resolved Name or Reference","Path Equivalence: 'file.Name' (Internal Dot) leading to Remote Code Execution and/or Information disclosure and/or malicious content added to uploaded files via write enabled Default Servlet in Apache Tomcat.  This issue affects Apache Tomcat: from 11.0.0-M1 through 11.0.2, from 10.1.0-M1 through 10.1.34, from 9.0.0.M1 through 9.0.98.  If all of the following were true, a malicious user was able to view       security sensitive files and/or inject content into those files: - writes enabled for the default servlet (disabled by default) - support for partial PUT (enabled by default) - a target URL for security sensitive uploads that was a sub-directory of a target URL for public uploads - attacker knowledge of the names of security sensitive files being uploaded - the security sensitive files also being uploaded via partial PUT  If all of the following were true, a malicious user was able to       perform remote code execution: - writes enabled for the default servlet (disabled by default) - support for partial PUT (enabled by default) - application was using Tomcat's file based session persistence with the default storage location - application included a library that may be leveraged in a deserialization attack  Users are recommended to upgrade to version 11.0.3, 10.1.35 or 9.0.99, which fixes the issue.",NVD,"","","",CRITICAL,9.8,CVSS:3.1/AV:N/AC:L/PR:N/UI:N/S:U/C:H/I:H/A:H/E:3.9/RC:R/MAV:A,"","","",HIGH,65,Apache,Tomcat,Apache Tomcat Path Equivalence Vulnerability,2025-04-01,"Apache Tomcat contains a path equivalence vulnerability that allows a remote attacker to execute code, disclose information, or inject malicious content via a partial PUT request. This vulnerability can be chained with CVE‑2026‑34486.","Apply mitigations per vendor instructions, follow applicable BOD 22-01 guidance for cloud services, or discontinue use of the product if mitigations are unavailable.",2025-04-22,"This vulnerability affects a common open-source component, third-party library, or a protocol used by different products. Please check with specific vendors for information on patching status. For more information, please see: https://lists.apache.org/thread/j5fkjv2k477os90nczf2v9l61fb0kkgq ; https://nvd.nist.gov/vuln/detail/CVE-2025-24813"
VulnBank,"Fri, 25 Sep 2026 16:58:30 +0530",tomcat-embed-core-9.0.68.jar,C:\WINDOWS\system32\config\systemprofile\.m2\repository\org\apache\tomcat\embed\tomcat-embed-core\9.0.68\tomcat-embed-core-9.0.68.jar,Core Tomcat implementation,"Apache License, Version 2.0: http://www.apache.org/licenses/LICENSE-2.0.txt",e623e590ec70239dd4379c7729823034,caafeb87d6ff30adda888049c9b81591c7cc20d1,pkg:maven/org.apache.tomcat.embed/tomcat-embed-core@9.0.68,"cpe:2.3:a:apache:tomcat:9.0.68:*:*:*:*:*:*:*, cpe:2.3:a:apache_tomcat:apache_tomcat:9.0.68:*:*:*:*:*:*:*",CVE-2025-31651,CWE-116 Improper Encoding or Escaping of Output,"Improper Neutralization of Escape, Meta, or Control Sequences vulnerability in Apache Tomcat. For a subset of unlikely rewrite rule configurations, it was possible  for a specially crafted request to bypass some rewrite rules. If those  rewrite rules effectively enforced security constraints, those  constraints could be bypassed.  This issue affects Apache Tomcat: from 11.0.0-M1 through 11.0.5, from 10.1.0-M1 through 10.1.39, from 9.0.0.M1 through 9.0.102.  Users are recommended to upgrade to version [FIXED_VERSION], which fixes the issue.",NVD,"","","",CRITICAL,9.8,CVSS:3.1/AV:N/AC:L/PR:N/UI:N/S:U/C:H/I:H/A:H/E:3.9/RC:R/MAV:A,"","","",HIGH,65,"","","","","","","",""
VulnBank,"Fri, 25 Sep 2026 16:58:30 +0530",tomcat-embed-core-9.0.68.jar,C:\WINDOWS\system32\config\systemprofile\.m2\repository\org\apache\tomcat\embed\tomcat-embed-core\9.0.68\tomcat-embed-core-9.0.68.jar,Core Tomcat implementation,"Apache License, Version 2.0: http://www.apache.org/licenses/LICENSE-2.0.txt",e623e590ec70239dd4379c7729823034,caafeb87d6ff30adda888049c9b81591c7cc20d1,pkg:maven/org.apache.tomcat.embed/tomcat-embed-core@9.0.68,"cpe:2.3:a:apache:tomcat:9.0.68:*:*:*:*:*:*:*, cpe:2.3:a:apache_tomcat:apache_tomcat:9.0.68:*:*:*:*:*:*:*",CVE-2022-45143,CWE-116 Improper Encoding or Escaping of Output,"The JsonErrorReportValve in Apache Tomcat 8.5.83, 9.0.40 to 9.0.68 and 10.1.0-M1 to 10.1.1 did not escape the type, message or description values. In some circumstances these are constructed from user provided data and it was therefore possible for users to supply values that invalidated or manipulated the JSON output.",NVD,"","","",HIGH,7.5,CVSS:3.1/AV:N/AC:L/PR:N/UI:N/S:U/C:N/I:H/A:N/E:3.9/RC:R/MAV:A,"","","",HIGH,65,"","","","","","","",""
VulnBank,"Fri, 25 Sep 2026 16:58:30 +0530",tomcat-embed-core-9.0.68.jar,C:\WINDOWS\system32\config\systemprofile\.m2\repository\org\apache\tomcat\embed\tomcat-embed-core\9.0.68\tomcat-embed-core-9.0.68.jar,Core Tomcat implementation,"Apache License, Version 2.0: http://www.apache.org/licenses/LICENSE-2.0.txt",e623e590ec70239dd4379c7729823034,caafeb87d6ff30adda888049c9b81591c7cc20d1,pkg:maven/org.apache.tomcat.embed/tomcat-embed-core@9.0.68,"cpe:2.3:a:apache:tomcat:9.0.68:*:*:*:*:*:*:*, cpe:2.3:a:apache_tomcat:apache_tomcat:9.0.68:*:*:*:*:*:*:*",CVE-2023-44487,"CWE-400 Uncontrolled Resource Consumption, NVD-CWE-noinfo","The HTTP/2 protocol allows a denial of service (server resource consumption) because request cancellation can reset many streams quickly, as exploited in the wild in August through October 2023.",NVD,"","","",HIGH,7.5,CVSS:3.1/AV:N/AC:L/PR:N/UI:N/S:U/C:N/I:N/A:H/E:3.9/RC:R/MAV:A,"","","",HIGH,65,IETF,HTTP/2,HTTP/2 Rapid Reset Attack Vulnerability,2023-10-10,HTTP/2 contains a rapid reset vulnerability that allows for a distributed denial-of-service attack (DDoS).,"Apply mitigations per vendor instructions, follow applicable BOD 22-01 guidance for cloud services, or discontinue use of the product if mitigations are unavailable.",2023-10-31,"This vulnerability affects a common open-source component, third-party library, or protocol used by different products. For more information, please see: HTTP/2 Rapid Reset Vulnerability, CVE-2023-44487 | CISA: https://www.cisa.gov/news-events/alerts/2023/10/10/http2-rapid-reset-vulnerability-cve-2023-44487; https://blog.cloudflare.com/technical-breakdown-http2-rapid-reset-ddos-attack/;  https://nvd.nist.gov/vuln/detail/CVE-2023-44487"
VulnBank,"Fri, 25 Sep 2026 16:58:30 +0530",tomcat-embed-core-9.0.68.jar,C:\WINDOWS\system32\config\systemprofile\.m2\repository\org\apache\tomcat\embed\tomcat-embed-core\9.0.68\tomcat-embed-core-9.0.68.jar,Core Tomcat implementation,"Apache License, Version 2.0: http://www.apache.org/licenses/LICENSE-2.0.txt",e623e590ec70239dd4379c7729823034,caafeb87d6ff30adda888049c9b81591c7cc20d1,pkg:maven/org.apache.tomcat.embed/tomcat-embed-core@9.0.68,"cpe:2.3:a:apache:tomcat:9.0.68:*:*:*:*:*:*:*, cpe:2.3:a:apache_tomcat:apache_tomcat:9.0.68:*:*:*:*:*:*:*",CVE-2023-46589,CWE-444 Inconsistent Interpretation of HTTP Requests ('HTTP Request/Response Smuggling'),"Improper Input Validation vulnerability in Apache Tomcat.Tomcat from 11.0.0-M1 through 11.0.0-M10, from 10.1.0-M1 through 10.1.15, from 9.0.0-M1 through 9.0.82 and from 8.5.0 through 8.5.95 did not correctly parse HTTP trailer headers. A trailer header that exceeded the header size limit could cause Tomcat to treat a single  request as multiple requests leading to the possibility of request  smuggling when behind a reverse proxy.  Users are recommended to upgrade to version 11.0.0-M11 onwards, 10.1.16 onwards, 9.0.83 onwards or 8.5.96 onwards, which fix the issue.",NVD,"","","",HIGH,7.5,CVSS:3.1/AV:N/AC:L/PR:N/UI:N/S:U/C:N/I:H/A:N/E:3.9/RC:R/MAV:A,"","","",HIGH,65,"","","","","","","",""
VulnBank,"Fri, 25 Sep 2026 16:58:30 +0530",tomcat-embed-core-9.0.68.jar,C:\WINDOWS\system32\config\systemprofile\.m2\repository\org\apache\tomcat\embed\tomcat-embed-core\9.0.68\tomcat-embed-core-9.0.68.jar,Core Tomcat implementation,"Apache License, Version 2.0: http://www.apache.org/licenses/LICENSE-2.0.txt",e623e590ec70239dd4379c7729823034,caafeb87d6ff30adda888049c9b81591c7cc20d1,pkg:maven/org.apache.tomcat.embed/tomcat-embed-core@9.0.68,"cpe:2.3:a:apache:tomcat:9.0.68:*:*:*:*:*:*:*, cpe:2.3:a:apache_tomcat:apache_tomcat:9.0.68:*:*:*:*:*:*:*",CVE-2024-24549,"CWE-20 Improper Input Validation, NVD-CWE-noinfo","Denial of Service due to improper input validation vulnerability for HTTP/2 requests in Apache Tomcat. When processing an HTTP/2 request, if the request exceeded any of the configured limits for headers, the associated HTTP/2 stream was not reset until after all of the headers had been processed.This issue affects Apache Tomcat: from 11.0.0-M1 through 11.0.0-M16, from 10.1.0-M1 through 10.1.18, from 9.0.0-M1 through 9.0.85, from 8.5.0 through 8.5.98.  Users are recommended to upgrade to version 11.0.0-M17, 10.1.19, 9.0.86 or 8.5.99 which fix the issue.",NVD,"","","",HIGH,7.5,CVSS:3.1/AV:N/AC:L/PR:N/UI:N/S:U/C:N/I:N/A:H/E:3.9/RC:R/MAV:A,"","","",HIGH,65,"","","","","","","",""
VulnBank,"Fri, 25 Sep 2026 16:58:30 +0530",tomcat-embed-core-9.0.68.jar,C:\WINDOWS\system32\config\systemprofile\.m2\repository\org\apache\tomcat\embed\tomcat-embed-core\9.0.68\tomcat-embed-core-9.0.68.jar,Core Tomcat implementation,"Apache License, Version 2.0: http://www.apache.org/licenses/LICENSE-2.0.txt",e623e590ec70239dd4379c7729823034,caafeb87d6ff30adda888049c9b81591c7cc20d1,pkg:maven/org.apache.tomcat.embed/tomcat-embed-core@9.0.68,"cpe:2.3:a:apache:tomcat:9.0.68:*:*:*:*:*:*:*, cpe:2.3:a:apache_tomcat:apache_tomcat:9.0.68:*:*:*:*:*:*:*",CVE-2024-34750,"CWE-400 Uncontrolled Resource Consumption, CWE-755 Improper Handling of Exceptional Conditions","Improper Handling of Exceptional Conditions, Uncontrolled Resource Consumption vulnerability in Apache Tomcat. When processing an HTTP/2 stream, Tomcat did not handle some cases of excessive HTTP headers correctly. This led to a miscounting of active HTTP/2 streams which in turn led to the use of an incorrect infinite timeout which allowed connections to remain open which should have been closed.  This issue affects Apache Tomcat: from 11.0.0-M1 through 11.0.0-M20, from 10.1.0-M1 through 10.1.24, from 9.0.0-M1 through 9.0.89.  Users are recommended to upgrade to version 11.0.0-M21, 10.1.25 or 9.0.90, which fixes the issue.",NVD,"","","",HIGH,7.5,CVSS:3.1/AV:N/AC:L/PR:N/UI:N/S:U/C:N/I:N/A:H/E:3.9/RC:R/MAV:A,"","","",HIGH,65,"","","","","","","",""
VulnBank,"Fri, 25 Sep 2026 16:58:30 +0530",tomcat-embed-core-9.0.68.jar,C:\WINDOWS\system32\config\systemprofile\.m2\repository\org\apache\tomcat\embed\tomcat-embed-core\9.0.68\tomcat-embed-core-9.0.68.jar,Core Tomcat implementation,"Apache License, Version 2.0: http://www.apache.org/licenses/LICENSE-2.0.txt",e623e590ec70239dd4379c7729823034,caafeb87d6ff30adda888049c9b81591c7cc20d1,pkg:maven/org.apache.tomcat.embed/tomcat-embed-core@9.0.68,"cpe:2.3:a:apache:tomcat:9.0.68:*:*:*:*:*:*:*, cpe:2.3:a:apache_tomcat:apache_tomcat:9.0.68:*:*:*:*:*:*:*",CVE-2024-38286,CWE-770 Allocation of Resources Without Limits or Throttling,"Allocation of Resources Without Limits or Throttling vulnerability in Apache Tomcat.  This issue affects Apache Tomcat: from 11.0.0-M1 through 11.0.0-M20, from 10.1.0-M1 through 10.1.24, from 9.0.13 through 9.0.89. Older, unsupported versions may also be affected.   Users are recommended to upgrade to version 11.0.0-M21, 10.1.25, or 9.0.90, which fixes the issue.    Apache Tomcat, under certain configurations on any platform, allows an attacker to cause an OutOfMemoryError by abusing the TLS handshake process.",NVD,"","","",HIGH,7.5,CVSS:3.1/AV:N/AC:L/PR:N/UI:N/S:U/C:N/I:N/A:H/E:3.9/RC:R/MAV:A,"","","",HIGH,65,"","","","","","","",""
VulnBank,"Fri, 25 Sep 2026 16:58:30 +0530",tomcat-embed-core-9.0.68.jar,C:\WINDOWS\system32\config\systemprofile\.m2\repository\org\apache\tomcat\embed\tomcat-embed-core\9.0.68\tomcat-embed-core-9.0.68.jar,Core Tomcat implementation,"Apache License, Version 2.0: http://www.apache.org/licenses/LICENSE-2.0.txt",e623e590ec70239dd4379c7729823034,caafeb87d6ff30adda888049c9b81591c7cc20d1,pkg:maven/org.apache.tomcat.embed/tomcat-embed-core@9.0.68,"cpe:2.3:a:apache:tomcat:9.0.68:*:*:*:*:*:*:*, cpe:2.3:a:apache_tomcat:apache_tomcat:9.0.68:*:*:*:*:*:*:*",CVE-2025-48988,CWE-770 Allocation of Resources Without Limits or Throttling,"Allocation of Resources Without Limits or Throttling vulnerability in Apache Tomcat.  This issue affects Apache Tomcat: from 11.0.0-M1 through 11.0.7, from 10.1.0-M1 through 10.1.41, from 9.0.0.M1 through 9.0.105.  Users are recommended to upgrade to version 11.0.8, 10.1.42 or 9.0.106, which fix the issue.",NVD,"","","",HIGH,7.5,CVSS:3.1/AV:N/AC:L/PR:N/UI:N/S:U/C:N/I:N/A:H/E:3.9/RC:R/MAV:A,"","","",HIGH,65,"","","","","","","",""
VulnBank,"Fri, 25 Sep 2026 16:58:30 +0530",tomcat-embed-core-9.0.68.jar,C:\WINDOWS\system32\config\systemprofile\.m2\repository\org\apache\tomcat\embed\tomcat-embed-core\9.0.68\tomcat-embed-core-9.0.68.jar,Core Tomcat implementation,"Apache License, Version 2.0: http://www.apache.org/licenses/LICENSE-2.0.txt",e623e590ec70239dd4379c7729823034,caafeb87d6ff30adda888049c9b81591c7cc20d1,pkg:maven/org.apache.tomcat.embed/tomcat-embed-core@9.0.68,"cpe:2.3:a:apache:tomcat:9.0.68:*:*:*:*:*:*:*, cpe:2.3:a:apache_tomcat:apache_tomcat:9.0.68:*:*:*:*:*:*:*",CVE-2024-23672,CWE-459 Incomplete Cleanup,"Denial of Service via incomplete cleanup vulnerability in Apache Tomcat. It was possible for WebSocket clients to keep WebSocket connections open leading to increased resource consumption.This issue affects Apache Tomcat: from 11.0.0-M1 through 11.0.0-M16, from 10.1.0-M1 through 10.1.18, from 9.0.0-M1 through 9.0.85, from 8.5.0 through 8.5.98.  Users are recommended to upgrade to version 11.0.0-M17, 10.1.19, 9.0.86 or 8.5.99 which fix the issue.",NVD,"","","",MEDIUM,6.3,CVSS:3.1/AV:N/AC:L/PR:L/UI:N/S:U/C:L/I:L/A:L/E:2.8/RC:R/MAV:A,"","","",HIGH,65,"","","","","","","",""
VulnBank,"Fri, 25 Sep 2026 16:58:30 +0530",tomcat-embed-core-9.0.68.jar,C:\WINDOWS\system32\config\systemprofile\.m2\repository\org\apache\tomcat\embed\tomcat-embed-core\9.0.68\tomcat-embed-core-9.0.68.jar,Core Tomcat implementation,"Apache License, Version 2.0: http://www.apache.org/licenses/LICENSE-2.0.txt",e623e590ec70239dd4379c7729823034,caafeb87d6ff30adda888049c9b81591c7cc20d1,pkg:maven/org.apache.tomcat.embed/tomcat-embed-core@9.0.68,"cpe:2.3:a:apache:tomcat:9.0.68:*:*:*:*:*:*:*, cpe:2.3:a:apache_tomcat:apache_tomcat:9.0.68:*:*:*:*:*:*:*",CVE-2023-41080,CWE-601 URL Redirection to Untrusted Site ('Open Redirect'),"URL Redirection to Untrusted Site ('Open Redirect') vulnerability in FORM authentication feature Apache Tomcat.This issue affects Apache Tomcat: from 11.0.0-M1 through 11.0.0-M10, from 10.1.0-M1 through 10.0.12, from 9.0.0-M1 through 9.0.79 and from 8.5.0 through 8.5.92.  The vulnerability is limited to the ROOT (default) web application.",NVD,"","","",MEDIUM,6.1,CVSS:3.1/AV:N/AC:L/PR:N/UI:R/S:C/C:L/I:L/A:N/E:2.8/RC:R/MAV:A,"","","",HIGH,65,"","","","","","","",""
VulnBank,"Fri, 25 Sep 2026 16:58:30 +0530",tomcat-embed-core-9.0.68.jar,C:\WINDOWS\system32\config\systemprofile\.m2\repository\org\apache\tomcat\embed\tomcat-embed-core\9.0.68\tomcat-embed-core-9.0.68.jar,Core Tomcat implementation,"Apache License, Version 2.0: http://www.apache.org/licenses/LICENSE-2.0.txt",e623e590ec70239dd4379c7729823034,caafeb87d6ff30adda888049c9b81591c7cc20d1,pkg:maven/org.apache.tomcat.embed/tomcat-embed-core@9.0.68,"cpe:2.3:a:apache:tomcat:9.0.68:*:*:*:*:*:*:*, cpe:2.3:a:apache_tomcat:apache_tomcat:9.0.68:*:*:*:*:*:*:*",CVE-2023-42795,CWE-459 Incomplete Cleanup,"Incomplete Cleanup vulnerability in Apache Tomcat.When recycling various internal objects in Apache Tomcat from 11.0.0-M1 through 11.0.0-M11, from 10.1.0-M1 through 10.1.13, from 9.0.0-M1 through 9.0.80 and from 8.5.0 through 8.5.93, an error could  cause Tomcat to skip some parts of the recycling process leading to  information leaking from the current request/response to the next.  Users are recommended to upgrade to version 11.0.0-M12 onwards, 10.1.14 onwards, 9.0.81 onwards or 8.5.94 onwards, which fixes the issue.",NVD,"","","",MEDIUM,5.3,CVSS:3.1/AV:N/AC:L/PR:N/UI:N/S:U/C:L/I:N/A:N/E:3.9/RC:R/MAV:A,"","","",HIGH,65,"","","","","","","",""
VulnBank,"Fri, 25 Sep 2026 16:58:30 +0530",tomcat-embed-core-9.0.68.jar,C:\WINDOWS\system32\config\systemprofile\.m2\repository\org\apache\tomcat\embed\tomcat-embed-core\9.0.68\tomcat-embed-core-9.0.68.jar,Core Tomcat implementation,"Apache License, Version 2.0: http://www.apache.org/licenses/LICENSE-2.0.txt",e623e590ec70239dd4379c7729823034,caafeb87d6ff30adda888049c9b81591c7cc20d1,pkg:maven/org.apache.tomcat.embed/tomcat-embed-core@9.0.68,"cpe:2.3:a:apache:tomcat:9.0.68:*:*:*:*:*:*:*, cpe:2.3:a:apache_tomcat:apache_tomcat:9.0.68:*:*:*:*:*:*:*",CVE-2023-45648,"CWE-20 Improper Input Validation, NVD-CWE-Other","Improper Input Validation vulnerability in Apache Tomcat.Tomcat from 11.0.0-M1 through 11.0.0-M11, from 10.1.0-M1 through 10.1.13, from 9.0.0-M1 through 9.0.81 and from 8.5.0 through 8.5.93 did not correctly parse HTTP trailer headers. A specially  crafted, invalid trailer header could cause Tomcat to treat a single  request as multiple requests leading to the possibility of request  smuggling when behind a reverse proxy.  Users are recommended to upgrade to version 11.0.0-M12 onwards, 10.1.14 onwards, 9.0.81 onwards or 8.5.94 onwards, which fix the issue.",NVD,"","","",MEDIUM,5.3,CVSS:3.1/AV:N/AC:L/PR:N/UI:N/S:U/C:N/I:L/A:N/E:3.9/RC:R/MAV:A,"","","",HIGH,65,"","","","","","","",""
VulnBank,"Fri, 25 Sep 2026 16:58:30 +0530",tomcat-embed-core-9.0.68.jar,C:\WINDOWS\system32\config\systemprofile\.m2\repository\org\apache\tomcat\embed\tomcat-embed-core\9.0.68\tomcat-embed-core-9.0.68.jar,Core Tomcat implementation,"Apache License, Version 2.0: http://www.apache.org/licenses/LICENSE-2.0.txt",e623e590ec70239dd4379c7729823034,caafeb87d6ff30adda888049c9b81591c7cc20d1,pkg:maven/org.apache.tomcat.embed/tomcat-embed-core@9.0.68,"cpe:2.3:a:apache:tomcat:9.0.68:*:*:*:*:*:*:*, cpe:2.3:a:apache_tomcat:apache_tomcat:9.0.68:*:*:*:*:*:*:*",CVE-2023-28708,CWE-523 Unprotected Transport of Credentials,"When using the RemoteIpFilter with requests received from a    reverse proxy via HTTP that include the X-Forwarded-Proto    header set to https, session cookies created by Apache Tomcat 11.0.0-M1 to 11.0.0.-M2, 10.1.0-M1 to 10.1.5, 9.0.0-M1 to 9.0.71 and 8.5.0 to 8.5.85 did not include the secure attribute. This could result in the user agent transmitting the session cookie over an insecure channel.",NVD,"","","",MEDIUM,4.3,CVSS:3.1/AV:N/AC:L/PR:N/UI:R/S:U/C:L/I:N/A:N/E:2.8/RC:R/MAV:A,"","","",HIGH,65,"","","","","","","",""
